number,name,votes,electronic,abroad,mandate,district,party
263,Kaja Kallas,20072,12843,34,Isikumandaat,4,Eesti Reformierakond
936,Mihhail Kõlvart,17150,2623,37,Isikumandaat,2,Eesti Keskerakond
961,Jüri Ratas,9702,2796,11,Isikumandaat,4,Eesti Keskerakond
790,Mart Helme,9170,2587,84,Isikumandaat,12,Eesti Konservatiivne Rahvaerakond
238,Siim Kallas,8733,6000,39,Isikumandaat,2,Eesti Reformierakond
253,Urmas Paet,8584,5386,15,Isikumandaat,3,Eesti Reformierakond
711,Henn Põlluaas,7390,2677,72,Isikumandaat,4,Eesti Konservatiivne Rahvaerakond
924,Raimond Kaljulaid,7303,1484,13,Isikumandaat,1,Eesti Keskerakond
226,Kristen Michal,6347,4148,21,Isikumandaat,1,Eesti Reformierakond
993,Yana Toom,6195,929,4,Isikumandaat,7,Eesti Keskerakond
322,Urmas Klaas,6119,3066,14,Isikumandaat,10,Eesti Reformierakond
304,Jürgen Ligi,6069,3295,14,Isikumandaat,8,Eesti Reformierakond
701,Martin Helme,5967,2110,57,Ringkonnamandaat,3,Eesti Konservatiivne Rahvaerakond
1040,Kadri Simson,5741,1410,11,Ringkonnamandaat,12,Eesti Keskerakond
752,Jaak Madison,5612,1788,57,Isikumandaat,8,Eesti Konservatiivne Rahvaerakond
513,Marina Kaljurand,5504,2983,14,Ringkonnamandaat,4,Sotsiaaldemokraatlik Erakond
313,Urmas Kruuse,5398,2973,8,Ringkonnamandaat,9,Eesti Reformierakond
342,Toomas Kivimägi,5202,2659,12,Ringkonnamandaat,12,Eesti Reformierakond
686,Leo Kunnas,4813,1777,60,Ringkonnamandaat,2,Eesti Konservatiivne Rahvaerakond
1097,Jüri Luik,4806,2640,14,Ringkonnamandaat,4,Isamaa Erakond
227,Heidy Purga,4763,3363,5,Ringkonnamandaat,1,Eesti Reformierakond
254,Maris Lauri,4331,3027,10,Ringkonnamandaat,3,Eesti Reformierakond
712,Siim Pohlak,4152,1489,20,Ringkonnamandaat,4,Eesti Konservatiivne Rahvaerakond
951,Taavi Aas,3925,899,7,Ringkonnamandaat,3,Eesti Keskerakond
761,Peeter Ernits,3846,1156,30,Ringkonnamandaat,9,Eesti Konservatiivne Rahvaerakond
780,Uno Kaskpeit,3802,1116,48,Ringkonnamandaat,11,Eesti Konservatiivne Rahvaerakond
264,Marko Mihkelson,3655,2604,2,Ringkonnamandaat,4,Eesti Reformierakond
332,Hanno Pevkur,3595,1937,5,Ringkonnamandaat,11,Eesti Reformierakond
280,Kalle Laanet,3344,1825,5,Ringkonnamandaat,5,Eesti Reformierakond
736,Anti Poolamets,3335,1050,42,Ringkonnamandaat,6,Eesti Konservatiivne Rahvaerakond
956,Lauri Laats,3251,444,2,Ringkonnamandaat,3,Eesti Keskerakond
728,Helle-Moonika Helme,3202,1084,29,Ringkonnamandaat,5,Eesti Konservatiivne Rahvaerakond
1138,Helir-Valdor Seeder,3138,1414,8,Ringkonnamandaat,8,Isamaa Erakond
324,Ants Laaneots,3053,1741,9,Ringkonnamandaat,10,Eesti Reformierakond
288,Taavi Rõivas,2847,1415,8,Ringkonnamandaat,6,Eesti Reformierakond
1030,Tarmo Tamm,2824,717,1,Ringkonnamandaat,11,Eesti Keskerakond
770,Jaak Valge,2740,869,39,Ringkonnamandaat,10,Eesti Konservatiivne Rahvaerakond
488,Jevgeni Ossinovski,2680,1546,19,Ringkonnamandaat,2,Sotsiaaldemokraatlik Erakond
994,Mihhail Stalnuhhin,2653,229,4,Ringkonnamandaat,7,Eesti Keskerakond
1087,Urmas Reinsalu,2633,1303,13,Ringkonnamandaat,3,Isamaa Erakond
281,Urve Tiidus,2617,1545,13,Kompensatsioonimandaat,5,Eesti Reformierakond
675,Urmas Reitelmann,2585,964,29,Ringkonnamandaat,1,Eesti Konservatiivne Rahvaerakond
1150,Raivo Tamm,2583,1249,2,Ringkonnamandaat,9,Isamaa Erakond
1147,Aivar Kokk,2536,906,0,Kompensatsioonimandaat,9,Isamaa Erakond
1156,Tõnis Lukas,2506,1081,8,Ringkonnamandaat,10,Isamaa Erakond
239,Keit Pentus-Rosimannus,2482,1616,4,Ringkonnamandaat,2,Eesti Reformierakond
265,Aivar Sõerd,2476,1614,1,Ringkonnamandaat,4,Eesti Reformierakond
343,Annely Akkermann,2397,1233,8,Ringkonnamandaat,12,Eesti Reformierakond
1020,Aadu Must,2370,554,3,Ringkonnamandaat,10,Eesti Keskerakond
333,Liina Kersna,2343,1270,7,Ringkonnamandaat,11,Eesti Reformierakond
228,Arto Aas,2339,1790,2,Ringkonnamandaat,1,Eesti Reformierakond
269,Madis Milling,2310,1370,2,Ringkonnamandaat,4,Eesti Reformierakond
811,Kristina Kallas,2306,1289,4,#N/A,2,Erakond Eesti 200
1176,Andres Metsoja,2228,973,4,Ringkonnamandaat,12,Isamaa Erakond
1002,Jaak Aab,2227,562,0,Ringkonnamandaat,8,Eesti Keskerakond
772,Indrek Särg,2223,542,6,#N/A,10,Eesti Konservatiivne Rahvaerakond
554,Helmen Kütt,2194,761,5,Ringkonnamandaat,8,Sotsiaaldemokraatlik Erakond
545,Katri Raik,2112,690,5,Ringkonnamandaat,7,Sotsiaaldemokraatlik Erakond
986,Siret Kotka-Repinski,2095,434,3,Ringkonnamandaat,6,Eesti Keskerakond
1012,Marika Tuus-Laul,2095,380,0,Ringkonnamandaat,9,Eesti Keskerakond
314,Valdo Randpere,2079,1206,1,Ringkonnamandaat,9,Eesti Reformierakond
937,Mailis Reps,2069,727,3,Ringkonnamandaat,2,Eesti Keskerakond
1123,Üllar Saaremäe,2023,834,2,Ringkonnamandaat,6,Isamaa Erakond
241,Kristina Šmigun-Vähi,2002,1432,6,Ringkonnamandaat,2,Eesti Reformierakond
1122,Marko Pomerants,1989,1004,2,#N/A,6,Isamaa Erakond
674,Urmas Espenberg,1974,633,21,#N/A,1,Eesti Konservatiivne Rahvaerakond
927,Vadim Belobrovtsev,1969,370,3,Ringkonnamandaat,1,Eesti Keskerakond
240,Andres Sutt,1905,1438,6,Kompensatsioonimandaat,2,Eesti Reformierakond
935,Marek Jürgenson,1813,414,0,Ringkonnamandaat,1,Eesti Keskerakond
1060,Tarmo Kruusimäe,1811,965,3,Ringkonnamandaat,1,Isamaa Erakond
836,Priit Alamäe,1811,1037,1,#N/A,4,Erakond Eesti 200
978,Enn Eesmaa,1805,481,6,Ringkonnamandaat,5,Eesti Keskerakond
925,Viktor Vassiljev,1708,335,9,#N/A,1,Eesti Keskerakond
476,Sven Mikser,1693,1076,7,Ringkonnamandaat,1,Sotsiaaldemokraatlik Erakond
1011,Janek Mäggi,1671,532,1,#N/A,9,Eesti Keskerakond
1033,Ester Karuse,1665,392,2,#N/A,11,Eesti Keskerakond
979,Jaanus Karilaid,1661,470,1,Kompensatsioonimandaat,5,Eesti Keskerakond
266,Kalle Palling,1655,1007,0,Ringkonnamandaat,4,Eesti Reformierakond
477,Riina Sikkut,1610,1074,9,Kompensatsioonimandaat,1,Sotsiaaldemokraatlik Erakond
1139,Kaia Iva,1526,712,5,#N/A,8,Isamaa Erakond
572,Heljo Pikhof,1522,569,6,Ringkonnamandaat,10,Sotsiaaldemokraatlik Erakond
315,Toomas Järveoja,1494,837,2,#N/A,9,Eesti Reformierakond
563,Eiki Nestor,1491,849,5,#N/A,9,Sotsiaaldemokraatlik Erakond
1031,Anneli Ott,1474,324,2,Kompensatsioonimandaat,11,Eesti Keskerakond
504,Helve Särgava,1466,788,5,#N/A,3,Sotsiaaldemokraatlik Erakond
713,Rene Kokk,1458,430,7,Ringkonnamandaat,4,Eesti Konservatiivne Rahvaerakond
582,Ivari Padar,1457,614,4,Ringkonnamandaat,11,Sotsiaaldemokraatlik Erakond
1114,Raivo Aeg,1451,691,11,#N/A,5,Isamaa Erakond
503,Rainer Vakra,1440,620,5,#N/A,3,Sotsiaaldemokraatlik Erakond
762,Raivo Põldaru,1414,445,13,#N/A,9,Eesti Konservatiivne Rahvaerakond
1166,Priit Sibul,1406,542,4,Ringkonnamandaat,11,Isamaa Erakond
1003,Kersti Sarapuu,1394,313,1,Kompensatsioonimandaat,8,Eesti Keskerakond
326,Signe Kivi,1356,808,5,Ringkonnamandaat,10,Eesti Reformierakond
538,Indrek Saar,1332,648,4,Kompensatsioonimandaat,6,Sotsiaaldemokraatlik Erakond
826,Lauri Hussar,1300,772,3,#N/A,3,Erakond Eesti 200
294,Marko Torm,1298,718,0,#N/A,6,Eesti Reformierakond
1073,Viktoria Ladõnskaja-Kubits,1259,709,2,Ringkonnamandaat,2,Isamaa Erakond
781,Merry Aart,1245,330,12,Ringkonnamandaat,11,Eesti Konservatiivne Rahvaerakond
953,Igor Kravtšenko,1223,178,0,#N/A,3,Eesti Keskerakond
765,Malle Pärn,1197,353,11,#N/A,9,Eesti Konservatiivne Rahvaerakond
1032,Heimar Lenk,1176,191,1,#N/A,11,Eesti Keskerakond
581,Marju Lauristin,1172,666,8,#N/A,10,Sotsiaaldemokraatlik Erakond
1072,Sven Sester,1154,587,4,Kompensatsioonimandaat,2,Isamaa Erakond
930,Andrei Novikov,1144,169,1,#N/A,1,Eesti Keskerakond
344,Jüri Jaanson,1139,566,7,Kompensatsioonimandaat,12,Eesti Reformierakond
1088,Mart Nutt,1135,597,5,#N/A,3,Isamaa Erakond
926,Andrei Korobeinik,1133,352,3,#N/A,1,Eesti Keskerakond
729,Jaen Teär,1124,377,6,#N/A,5,Eesti Konservatiivne Rahvaerakond
938,Mihhail Korb,1114,193,0,Ringkonnamandaat,2,Eesti Keskerakond
295,Eerik-Niiles Kross,1110,601,1,Ringkonnamandaat,7,Eesti Reformierakond
327,Hele Everaus,1110,622,4,#N/A,10,Eesti Reformierakond
334,Maido Ruusmann,1093,447,1,#N/A,11,Eesti Reformierakond
1158,Mihhail Lotman,1086,549,8,#N/A,10,Isamaa Erakond
764,Kert Kingo,1082,364,4,Kompensatsioonimandaat,9,Eesti Konservatiivne Rahvaerakond
323,Margit Sutrop,1082,702,1,#N/A,10,Eesti Reformierakond
592,Indrek Tarand,1061,499,3,#N/A,12,Sotsiaaldemokraatlik Erakond
799,Liina Normet,1048,672,1,#N/A,1,Erakond Eesti 200
782,Tiit Kala,1033,301,3,#N/A,11,Eesti Konservatiivne Rahvaerakond
268,Mart Võrklaev,1025,643,1,#N/A,4,Eesti Reformierakond
980,Mihkel Undrest,1024,296,3,#N/A,5,Eesti Keskerakond
1004,Peeter Rahnel,1019,267,1,#N/A,8,Eesti Keskerakond
942,Maria Jufereva-Skuratovski,1011,189,5,Ringkonnamandaat,2,Eesti Keskerakond
905,Igor Taro,1007,507,2,#N/A,11,Erakond Eesti 200
305,Yoko Alender,997,600,5,Ringkonnamandaat,8,Eesti Reformierakond
557,Lauri Läänemets,994,488,1,#N/A,8,Sotsiaaldemokraatlik Erakond
784,Indrek Käo,991,317,3,#N/A,11,Eesti Konservatiivne Rahvaerakond
945,Vladimir Svet,980,287,5,Ringkonnamandaat,2,Eesti Keskerakond
744,Riho Breivel,979,350,9,Kompensatsioonimandaat,7,Eesti Konservatiivne Rahvaerakond
1001,Martin Repinski,976,156,2,Ringkonnamandaat,7,Eesti Keskerakond
1100,Heiki Hepner,962,449,3,#N/A,4,Isamaa Erakond
255,Vilja Toomast,953,557,2,Kompensatsioonimandaat,3,Eesti Reformierakond
968,Vladimir Arhipov,944,173,3,Ringkonnamandaat,4,Eesti Keskerakond
997,Dmitri Dmitrijev,943,146,3,#N/A,7,Eesti Keskerakond
325,Urmas Siigur,940,611,1,#N/A,10,Eesti Reformierakond
242,Ivi Eenmaa,932,604,4,#N/A,2,Eesti Reformierakond
992,Toomas Väinaste,930,259,0,#N/A,6,Eesti Keskerakond
351,Züleyxa Izmailova,923,547,6,#N/A,1,Erakond Eestimaa Rohelised
531,Reili Rand,918,515,1,#N/A,5,Sotsiaaldemokraatlik Erakond
988,Triin Varek,912,265,2,#N/A,6,Eesti Keskerakond
1074,Riina Solman,906,468,1,#N/A,2,Isamaa Erakond
853,Koit Kelder,903,496,1,#N/A,5,Erakond Eesti 200
282,Aivar Viidik,893,583,1,#N/A,5,Eesti Reformierakond
297,Aivar Surva,880,438,1,#N/A,7,Eesti Reformierakond
1157,Lauri Vahtre,876,430,5,#N/A,10,Isamaa Erakond
715,Kai Rimmel,873,383,8,#N/A,4,Eesti Konservatiivne Rahvaerakond
915,Kadri Tali,872,458,6,#N/A,12,Erakond Eesti 200
1021,Jaan Toots,871,153,0,#N/A,10,Eesti Keskerakond
229,Signe Riisalo,837,685,2,#N/A,1,Eesti Reformierakond
1061,Mart Luik,829,444,3,#N/A,1,Isamaa Erakond
283,Jaanus Ratas,824,392,2,#N/A,5,Eesti Reformierakond
622,Artur Talvik,822,435,2,#N/A,4,Elurikkuse Erakond
955,Kerstin-Oudekki Loone,820,163,2,#N/A,3,Eesti Keskerakond
738,Aarne Mäe,818,325,7,#N/A,6,Eesti Konservatiivne Rahvaerakond
786,Ants Taul,814,316,11,#N/A,11,Eesti Konservatiivne Rahvaerakond
530,Madis Kallas,812,419,2,#N/A,5,Sotsiaaldemokraatlik Erakond
574,Gea Kangilaski,802,556,10,#N/A,10,Sotsiaaldemokraatlik Erakond
954,Tiit Terik,799,203,0,#N/A,3,Eesti Keskerakond
995,Valeri Korb,798,126,0,#N/A,7,Eesti Keskerakond
328,Raimond Tamm,792,554,1,#N/A,10,Eesti Reformierakond
1013,Jaan Õunapuu,791,259,2,#N/A,9,Eesti Keskerakond
591,Anti Allas,789,294,2,#N/A,11,Sotsiaaldemokraatlik Erakond
787,Kalmar Luisk,786,227,5,#N/A,11,Eesti Konservatiivne Rahvaerakond
270,Timo Suslov,781,432,1,#N/A,4,Eesti Reformierakond
896,Kristiina Tõnnisson,775,489,2,#N/A,10,Erakond Eesti 200
335,Andrus Seeme,764,407,1,Kompensatsioonimandaat,11,Eesti Reformierakond
1101,Mari-Ann Kelam,745,407,2,#N/A,4,Isamaa Erakond
753,Kalle Grünthal,740,210,5,#N/A,8,Eesti Konservatiivne Rahvaerakond
564,Jüri Morozov,735,281,1,#N/A,9,Sotsiaaldemokraatlik Erakond
573,Toomas Jürgenstein,735,462,4,#N/A,10,Sotsiaaldemokraatlik Erakond
1026,Jelena Frunze,732,219,1,#N/A,10,Eesti Keskerakond
730,Hardi Rehkalt,722,218,8,#N/A,5,Eesti Konservatiivne Rahvaerakond
321,Erkki Keldo,722,401,0,#N/A,9,Eesti Reformierakond
789,Jüri Kaver,716,246,12,#N/A,11,Eesti Konservatiivne Rahvaerakond
256,Johannes Kert,708,460,4,Kompensatsioonimandaat,3,Eesti Reformierakond
1010,Helmut Hallemaa,700,128,1,#N/A,8,Eesti Keskerakond
775,Indrek Kalda,689,215,7,#N/A,10,Eesti Konservatiivne Rahvaerakond
1042,Marko Šorin,686,178,0,#N/A,12,Eesti Keskerakond
1027,Nikolai Põdramägi,683,61,1,#N/A,10,Eesti Keskerakond
791,Alar Laneman,673,209,4,Ringkonnamandaat,12,Eesti Konservatiivne Rahvaerakond
478,Jaak Juske,672,425,2,#N/A,1,Sotsiaaldemokraatlik Erakond
1178,Lauri Luur,663,300,3,#N/A,12,Isamaa Erakond
1148,Eva Kams,660,332,1,#N/A,9,Isamaa Erakond
737,Marti Kuusik,657,219,6,#N/A,6,Eesti Konservatiivne Rahvaerakond
940,Erki Savisaar,653,116,0,#N/A,2,Eesti Keskerakond
731,Agnes Pulk,653,207,3,#N/A,5,Eesti Konservatiivne Rahvaerakond
1168,Meelis Mõttus,644,264,1,#N/A,11,Isamaa Erakond
962,Kaido Höövelson,642,219,1,#N/A,4,Eesti Keskerakond
532,Neeme Suur,640,270,0,#N/A,5,Sotsiaaldemokraatlik Erakond
291,Katrin Kuusemäe,640,387,2,#N/A,6,Eesti Reformierakond
943,Tõnis Mölder,633,177,0,#N/A,2,Eesti Keskerakond
996,Tarmo Tammiste,632,114,0,#N/A,7,Eesti Keskerakond
999,Maksim Volkov,619,67,0,#N/A,7,Eesti Keskerakond
958,Eduard Toman,617,142,3,#N/A,3,Eesti Keskerakond
290,Mati Raidma,617,363,1,#N/A,6,Eesti Reformierakond
895,Margus Tsahkna,612,284,3,#N/A,10,Erakond Eesti 200
389,Anu Nataly Saagim-Ratia,608,355,1,#N/A,4,Erakond Eestimaa Rohelised
585,Kalvi Kõva,605,246,1,Kompensatsioonimandaat,11,Sotsiaaldemokraatlik Erakond
1077,Lagle Parek,595,319,6,#N/A,2,Isamaa Erakond
307,Rait Pihelgas,593,326,1,#N/A,8,Eesti Reformierakond
1041,Mikk Pikkmets,585,218,1,#N/A,12,Eesti Keskerakond
928,Natalia Malleus,584,122,3,#N/A,1,Eesti Keskerakond
783,Arno Sild,575,185,17,#N/A,11,Eesti Konservatiivne Rahvaerakond
546,Eduard Odinets,573,248,0,#N/A,7,Sotsiaaldemokraatlik Erakond
277,Vladas Radvilavičius,569,382,0,#N/A,4,Eesti Reformierakond
771,Ruuben Kaalep,566,183,6,Kompensatsioonimandaat,10,Eesti Konservatiivne Rahvaerakond
244,Toomas Kruusimägi,566,420,0,#N/A,2,Eesti Reformierakond
769,Aare Rüütel,565,217,4,#N/A,9,Eesti Konservatiivne Rahvaerakond
271,Andrus Umboja,562,321,0,#N/A,4,Eesti Reformierakond
243,Ülle Rajasalu,561,343,2,#N/A,2,Eesti Reformierakond
1039,Ülo Tulik,559,150,0,#N/A,11,Eesti Keskerakond
763,Ülle Rosin,557,164,2,#N/A,9,Eesti Konservatiivne Rahvaerakond
289,Indrek Kesküla,547,283,2,#N/A,6,Eesti Reformierakond
800,Marek Reinaas,537,358,0,#N/A,1,Erakond Eesti 200
1141,Alar Karu,531,234,0,#N/A,8,Isamaa Erakond
897,Tanel Tein,530,258,1,#N/A,10,Erakond Eesti 200
998,Eevi Paasmäe,529,116,2,#N/A,7,Eesti Keskerakond
687,Endel Oja,528,178,5,#N/A,2,Eesti Konservatiivne Rahvaerakond
348,Marika Valter,526,302,2,#N/A,12,Eesti Reformierakond
1115,Mart Maastik,523,240,2,#N/A,5,Isamaa Erakond
337,Aivar Rosenberg,512,250,0,#N/A,11,Eesti Reformierakond
317,Raivo Meitus,510,276,0,#N/A,9,Eesti Reformierakond
1169,Ulla Preeden,510,259,1,#N/A,11,Isamaa Erakond
558,Juhan-Mart Salumäe,509,307,0,#N/A,8,Sotsiaaldemokraatlik Erakond
514,Rene Tammist,506,319,2,#N/A,4,Sotsiaaldemokraatlik Erakond
566,Priit Lomp,503,184,1,#N/A,9,Sotsiaaldemokraatlik Erakond
1177,Ela Tomson,501,195,6,#N/A,12,Isamaa Erakond
584,Rein Randver,499,160,1,#N/A,11,Sotsiaaldemokraatlik Erakond
1149,Tiit Lääne,498,211,1,#N/A,9,Isamaa Erakond
138,Juku-Kalle Raid,497,233,2,#N/A,4,Eesti Vabaerakond
966,Vladimir Velman,496,105,0,#N/A,4,Eesti Keskerakond
487,Andrus Vaarik,495,270,3,#N/A,1,Sotsiaaldemokraatlik Erakond
941,Kalle Klandorf,492,119,1,#N/A,2,Eesti Keskerakond
788,Meelis Aianurm,480,162,5,#N/A,11,Eesti Konservatiivne Rahvaerakond
1098,Toomas Tõniste,479,224,1,#N/A,4,Isamaa Erakond
494,Madle Lippus,478,357,3,#N/A,2,Sotsiaaldemokraatlik Erakond
230,Ants Leemets,477,318,4,#N/A,1,Eesti Reformierakond
493,Triin Toomesaar,476,366,0,#N/A,2,Sotsiaaldemokraatlik Erakond
1167,Merle Jääger,474,226,1,#N/A,11,Isamaa Erakond
1119,Anti Toplaan,473,203,3,#N/A,5,Isamaa Erakond
987,Maksim Butšenkov,465,82,2,#N/A,6,Eesti Keskerakond
949,Sergei Ptšjolkin,460,108,1,#N/A,2,Eesti Keskerakond
285,Maire Forsel,460,327,3,#N/A,5,Eesti Reformierakond
1062,Helen Hääl,459,299,1,#N/A,1,Isamaa Erakond
312,Taimo Tugi,459,236,0,#N/A,8,Eesti Reformierakond
489,Monika Haukanõmm,456,277,1,#N/A,2,Sotsiaaldemokraatlik Erakond
754,Rein Suurkask,456,156,1,#N/A,8,Eesti Konservatiivne Rahvaerakond
868,Ahti Puur,454,187,0,#N/A,7,Erakond Eesti 200
886,Aleksandr Širokov,453,125,0,#N/A,9,Erakond Eesti 200
887,Ülle Pärl,453,299,1,#N/A,9,Erakond Eesti 200
1063,Priidu Pärna,451,259,0,#N/A,1,Isamaa Erakond
1035,Janika Usin,450,149,0,#N/A,11,Eesti Keskerakond
338,Margus Lepik,449,224,0,#N/A,11,Eesti Reformierakond
296,Maris Toomel,448,283,1,#N/A,7,Eesti Reformierakond
1131,Marja-Liisa Veiser,448,188,0,#N/A,7,Isamaa Erakond
957,Helle Kalda,447,104,0,#N/A,3,Eesti Keskerakond
719,Jaanus Härms,445,164,2,#N/A,4,Eesti Konservatiivne Rahvaerakond
735,Daniel Mereäär,442,148,4,#N/A,5,Eesti Konservatiivne Rahvaerakond
352,Mattias Turovski,441,255,1,#N/A,1,Erakond Eestimaa Rohelised
756,Enn Sarv,441,147,3,#N/A,8,Eesti Konservatiivne Rahvaerakond
378,Kaspar Kurve,438,276,3,#N/A,3,Erakond Eestimaa Rohelised
757,Heli Koit,436,163,0,#N/A,8,Eesti Konservatiivne Rahvaerakond
1099,Kalle Muuli,431,233,0,#N/A,4,Isamaa Erakond
197,Kuido Nõmm,430,231,2,#N/A,10,Eesti Vabaerakond
258,Eero Merilind,429,289,3,#N/A,3,Eesti Reformierakond
596,Madis Veskimägi,429,155,0,#N/A,12,Sotsiaaldemokraatlik Erakond
339,Ülo Needo,428,190,0,#N/A,11,Eesti Reformierakond
128,Ain Lutsepp,427,224,1,#N/A,3,Eesti Vabaerakond
981,Antti Leigri,427,159,0,#N/A,5,Eesti Keskerakond
601,Mihkel Kangur,423,238,1,#N/A,1,Elurikkuse Erakond
946,Jüri Kuuskemaa,423,135,0,#N/A,2,Eesti Keskerakond
1128,Einar Vallbaum,423,166,1,#N/A,6,Isamaa Erakond
950,Märt Sults,422,87,1,#N/A,2,Eesti Keskerakond
308,Tõnu Juul,422,166,1,#N/A,8,Eesti Reformierakond
555,Siret Pihelgas,421,199,1,#N/A,8,Sotsiaaldemokraatlik Erakond
345,Toomas Rõhu,421,212,0,#N/A,12,Eesti Reformierakond
714,Paul Puustusmaa,419,207,1,Kompensatsioonimandaat,4,Eesti Konservatiivne Rahvaerakond
479,Marianne Mikko,419,257,4,#N/A,1,Sotsiaaldemokraatlik Erakond
300,Andrea Eiche,416,182,0,#N/A,7,Eesti Reformierakond
658,Rainer Kuuba,416,224,0,#N/A,11,Elurikkuse Erakond
1015,Peep Põdder,414,102,0,#N/A,9,Eesti Keskerakond
1089,Elle Kull,413,217,0,#N/A,3,Isamaa Erakond
306,Madis Timpson,413,221,1,#N/A,8,Eesti Reformierakond
793,Helle Kullerkupp,410,117,3,#N/A,12,Eesti Konservatiivne Rahvaerakond
1113,Tanel Ots,409,207,0,#N/A,4,Isamaa Erakond
505,Mart Meri,407,255,1,#N/A,3,Sotsiaaldemokraatlik Erakond
1103,Arvi Karotam,407,172,1,#N/A,4,Isamaa Erakond
1189,Harry Raudvere,406,128,0,#N/A,5,Üksikkandidaadid
1017,Max Kaur,404,81,0,#N/A,9,Eesti Keskerakond
586,Inara Luigas,404,195,1,#N/A,11,Sotsiaaldemokraatlik Erakond
1127,Tõnis Pruler,401,198,1,#N/A,6,Isamaa Erakond
583,Sirje Tobreluts,401,147,3,#N/A,11,Sotsiaaldemokraatlik Erakond
1102,Andres Laisk,396,206,1,#N/A,4,Isamaa Erakond
990,Jelena Fjodorova,396,96,1,#N/A,6,Eesti Keskerakond
812,Grigore-Kalev Stoicescu,395,275,2,#N/A,2,Erakond Eesti 200
838,Monika Salu,394,235,2,#N/A,4,Erakond Eesti 200
284,Heiki Kranich,390,273,5,Kompensatsioonimandaat,5,Eesti Reformierakond
329,Airis Meier,389,276,3,#N/A,10,Eesti Reformierakond
319,Illari Lään,388,255,1,#N/A,9,Eesti Reformierakond
877,Ruslan Trochynskyi,384,207,1,#N/A,8,Erakond Eesti 200
363,Aleksander Laane,383,213,1,#N/A,2,Erakond Eestimaa Rohelised
1023,Vladimir Šokman,383,59,2,#N/A,10,Eesti Keskerakond
1130,Tiit Salvan,382,203,2,#N/A,7,Isamaa Erakond
257,Õnne Pillak,379,285,1,#N/A,3,Eesti Reformierakond
1129,Siim Valmar Kiisler,379,187,0,#N/A,7,Isamaa Erakond
340,Anti Haugas,379,234,0,#N/A,11,Eesti Reformierakond
743,Kersti Kracht,373,144,1,#N/A,7,Eesti Konservatiivne Rahvaerakond
1117,Kaido Kaasik,372,172,1,#N/A,5,Isamaa Erakond
350,Jüri Lebedev,372,217,3,#N/A,12,Eesti Reformierakond
490,Barbi-Jenny Pilvre-Storgard,371,250,3,#N/A,2,Sotsiaaldemokraatlik Erakond
310,Sulev Kannimäe,371,177,0,#N/A,8,Eesti Reformierakond
547,Maksim Iljin,369,91,0,#N/A,7,Sotsiaaldemokraatlik Erakond
702,Kadri Vilba,367,131,2,#N/A,3,Eesti Konservatiivne Rahvaerakond
733,Toomas Vallimäe,367,139,2,#N/A,5,Eesti Konservatiivne Rahvaerakond
565,Marika Saar,367,212,2,#N/A,9,Sotsiaaldemokraatlik Erakond
1181,Kuno Erkmann,367,181,0,#N/A,12,Isamaa Erakond
155,Tiina Kangro,366,193,0,#N/A,5,Eesti Vabaerakond
609,Toomas Trapido,363,217,3,#N/A,2,Elurikkuse Erakond
960,Merike Martinson,363,89,1,#N/A,3,Eesti Keskerakond
447,Marko Kaasik,362,173,7,#N/A,10,Erakond Eestimaa Rohelised
593,Kadri-Aija Viik,358,161,3,#N/A,12,Sotsiaaldemokraatlik Erakond
491,Anastassia Kovalenko,357,145,1,#N/A,2,Sotsiaaldemokraatlik Erakond
837,Ando Kiviberg,356,184,2,#N/A,4,Erakond Eesti 200
537,Heiki Hanso,355,189,1,#N/A,5,Sotsiaaldemokraatlik Erakond
1000,Eve East,355,109,0,#N/A,7,Eesti Keskerakond
330,Reno Laidre,354,249,0,#N/A,10,Eesti Reformierakond
676,Argo Luude,353,144,2,#N/A,1,Eesti Konservatiivne Rahvaerakond
594,Kalev Kaljuste,352,148,0,#N/A,12,Sotsiaaldemokraatlik Erakond
952,Andra Veidemann,350,125,0,#N/A,3,Eesti Keskerakond
939,Imre Sooäär,349,124,1,#N/A,2,Eesti Keskerakond
262,Art Kuum,344,220,0,#N/A,3,Eesti Reformierakond
1140,Priit Värk,341,150,5,#N/A,8,Isamaa Erakond
1091,Trivimi Velliste,340,180,5,#N/A,3,Isamaa Erakond
932,Jaanus Riibe,336,79,0,#N/A,1,Eesti Keskerakond
1028,Irina Panova,335,44,0,#N/A,10,Eesti Keskerakond
287,Tiiu Aro,331,174,2,#N/A,5,Eesti Reformierakond
539,Ene Augasmägi,329,148,2,#N/A,6,Sotsiaaldemokraatlik Erakond
1034,Andre Laine,326,129,0,#N/A,11,Eesti Keskerakond
767,Aivar Õun,325,118,1,#N/A,9,Eesti Konservatiivne Rahvaerakond
1037,Ülle Juht,325,80,3,#N/A,11,Eesti Keskerakond
231,Merike Lang,321,217,1,#N/A,1,Eesti Reformierakond
412,Aleksei Lotman,320,199,1,#N/A,5,Erakond Eestimaa Rohelised
657,Mart Jüssi,320,199,0,#N/A,10,Elurikkuse Erakond
740,Tanel Tarkmees,317,125,3,#N/A,6,Eesti Konservatiivne Rahvaerakond
965,Aivar Riisalu,315,136,0,#N/A,4,Eesti Keskerakond
590,Kaupo Kutsar,315,134,0,#N/A,11,Sotsiaaldemokraatlik Erakond
680,Õnneli Matt,314,175,1,#N/A,1,Eesti Konservatiivne Rahvaerakond
618,Lauri Tõnspoeg,313,177,2,#N/A,3,Elurikkuse Erakond
1126,Alari Kirt,313,181,0,#N/A,6,Isamaa Erakond
1016,Peeter Laasik,313,96,3,#N/A,9,Eesti Keskerakond
1151,Ivar Tedrema,312,118,0,#N/A,9,Isamaa Erakond
796,Meelis Malk,312,114,1,#N/A,12,Eesti Konservatiivne Rahvaerakond
247,Juhan Kangilaski,310,225,5,#N/A,2,Eesti Reformierakond
861,Annes Naan,310,163,0,#N/A,6,Erakond Eesti 200
331,Andrus Punt,309,190,0,#N/A,10,Eesti Reformierakond
232,Liis Klaar,307,170,3,#N/A,1,Eesti Reformierakond
991,Hans Kruusamägi,306,114,1,#N/A,6,Eesti Keskerakond
678,Toivo Tasa,305,122,5,#N/A,1,Eesti Konservatiivne Rahvaerakond
246,Kaupo Nõlvak,304,217,0,#N/A,2,Eesti Reformierakond
982,Rea Raus,303,115,2,#N/A,5,Eesti Keskerakond
341,Peeter Sibul,302,142,2,#N/A,11,Eesti Reformierakond
1179,Siim Suursild,301,135,1,#N/A,12,Isamaa Erakond
705,Eve Pärnaste,296,111,2,#N/A,3,Eesti Konservatiivne Rahvaerakond
309,Mati Sadam,296,163,0,#N/A,8,Eesti Reformierakond
773,Indrek Hirv,295,88,3,#N/A,10,Eesti Konservatiivne Rahvaerakond
318,Aivar Saarela,293,151,0,#N/A,9,Eesti Reformierakond
1066,Tiit Meren,292,172,2,#N/A,1,Isamaa Erakond
286,Jaanus Müür,291,191,1,#N/A,5,Eesti Reformierakond
742,Leo Bergström,291,111,3,#N/A,6,Eesti Konservatiivne Rahvaerakond
929,Kalev Kallo,289,62,0,Kompensatsioonimandaat,1,Eesti Keskerakond
347,Andres Mõis,289,165,3,#N/A,12,Eesti Reformierakond
828,Tiit Elenurm,287,198,2,#N/A,3,Erakond Eesti 200
755,Medi Meikar,287,124,3,#N/A,8,Eesti Konservatiivne Rahvaerakond
316,Ülvi Nool-Kõre,287,196,0,#N/A,9,Eesti Reformierakond
1183,Urmas Aava,284,92,0,#N/A,12,Isamaa Erakond
1075,Madis Päts,283,151,2,#N/A,2,Isamaa Erakond
745,Arvo Aller,283,127,2,#N/A,7,Eesti Konservatiivne Rahvaerakond
1014,Aare Olgo,281,87,2,#N/A,9,Eesti Keskerakond
656,Ahto Kaasik,281,141,1,#N/A,10,Elurikkuse Erakond
688,Mait Talu,279,98,0,#N/A,2,Eesti Konservatiivne Rahvaerakond
298,Sergei Gorlatš,279,82,0,#N/A,7,Eesti Reformierakond
1180,Meelis Kukk,279,132,1,#N/A,12,Isamaa Erakond
766,Aivo Lill,278,84,3,#N/A,9,Eesti Konservatiivne Rahvaerakond
888,Kadi Ploom,278,109,0,#N/A,9,Erakond Eesti 200
1182,Jaanus Põldmaa,278,131,0,#N/A,12,Isamaa Erakond
1105,Gerli Lehe,277,180,0,#N/A,4,Isamaa Erakond
1159,Eva-Liisa Luhamets,277,137,1,#N/A,10,Isamaa Erakond
1048,Hillar Talvik,277,50,0,#N/A,12,Eesti Keskerakond
1018,Andres Vään,276,73,0,#N/A,9,Eesti Keskerakond
696,Mare Liiger,275,113,3,#N/A,2,Eesti Konservatiivne Rahvaerakond
236,Lembit Kolk,274,196,1,#N/A,1,Eesti Reformierakond
931,Eha Võrk,273,80,0,#N/A,1,Eesti Keskerakond
1170,Kurmet Müürsepp,273,136,0,#N/A,11,Isamaa Erakond
1076,Kalev Vapper,271,146,1,#N/A,2,Isamaa Erakond
512,Silver Meikar,271,165,2,#N/A,3,Sotsiaaldemokraatlik Erakond
548,Anton Pratkunas,271,81,0,#N/A,7,Sotsiaaldemokraatlik Erakond
1175,Monika Rogenbaum,271,121,0,#N/A,11,Isamaa Erakond
368,Heiki Valner,270,169,3,#N/A,2,Erakond Eestimaa Rohelised
272,Tiit Vahenõmm,270,164,1,#N/A,4,Eesti Reformierakond
667,Mati Kose,270,146,2,#N/A,12,Elurikkuse Erakond
457,Inga Raitar,269,124,1,#N/A,11,Erakond Eestimaa Rohelised
302,Toomas Nõmmiste,268,144,0,#N/A,7,Eesti Reformierakond
589,Tarmo Tamm,268,88,0,#N/A,11,Sotsiaaldemokraatlik Erakond
349,Madis Koit,268,155,1,#N/A,12,Eesti Reformierakond
989,Jaan Männik,267,89,1,#N/A,6,Eesti Keskerakond
1108,Villu Karu,266,104,1,#N/A,4,Isamaa Erakond
577,Ott Maidre,263,198,2,#N/A,10,Sotsiaaldemokraatlik Erakond
276,Kadri Kurm,262,172,0,#N/A,4,Eesti Reformierakond
1067,Pille Lill,261,138,3,#N/A,1,Isamaa Erakond
906,Einar Visnapuu,260,135,0,#N/A,11,Erakond Eesti 200
1104,Kaupo Rätsepp,258,149,0,#N/A,4,Isamaa Erakond
984,Maire Käärid,258,93,0,#N/A,5,Eesti Keskerakond
1152,Rain Sangernebo,253,119,0,#N/A,9,Isamaa Erakond
1084,Heldur-Valdek Seeder,252,108,3,#N/A,2,Isamaa Erakond
720,Roland Tõnisson,252,86,2,#N/A,4,Eesti Konservatiivne Rahvaerakond
722,Meelis Rosenfeld,252,88,0,#N/A,4,Eesti Konservatiivne Rahvaerakond
533,Kairit Lindmäe,249,128,1,#N/A,5,Sotsiaaldemokraatlik Erakond
237,Kristo Enn Vaga,248,182,0,#N/A,1,Eesti Reformierakond
933,Jüri Ennet,248,75,1,#N/A,1,Eesti Keskerakond
779,Heiki Vilep,247,94,0,#N/A,10,Eesti Konservatiivne Rahvaerakond
778,Merike Lumi,246,97,4,#N/A,10,Eesti Konservatiivne Rahvaerakond
346,Meeli Pärna,246,150,0,#N/A,12,Eesti Reformierakond
467,Krister Kivi,246,108,3,#N/A,12,Erakond Eestimaa Rohelised
267,Laine Randjärv,245,139,0,#N/A,4,Eesti Reformierakond
1005,Getter Klaas,245,92,0,#N/A,8,Eesti Keskerakond
970,Oleg Tšubarov,243,61,0,#N/A,4,Eesti Keskerakond
261,Sten Laansoo,242,206,0,#N/A,3,Eesti Reformierakond
1036,Jaanus Raidal,242,59,0,#N/A,11,Eesti Keskerakond
814,Meelis Niinepuu,241,178,0,#N/A,2,Erakond Eesti 200
556,Piret Aus,241,143,3,#N/A,8,Sotsiaaldemokraatlik Erakond
777,Ain Ehari,241,64,6,#N/A,10,Eesti Konservatiivne Rahvaerakond
492,Andrei Hvostov,240,157,3,#N/A,2,Sotsiaaldemokraatlik Erakond
515,Kadri Kõusaar,240,157,1,#N/A,4,Sotsiaaldemokraatlik Erakond
438,Kai Künnis-Beres,240,138,2,#N/A,9,Erakond Eestimaa Rohelised
846,Sandra Järv,239,161,1,#N/A,4,Erakond Eesti 200
797,Kaidi Suviste,239,82,2,#N/A,12,Eesti Konservatiivne Rahvaerakond
506,Külli Urb,238,168,2,#N/A,3,Sotsiaaldemokraatlik Erakond
944,Tanel Kiik,237,107,0,#N/A,2,Eesti Keskerakond
388,Jakko Väli,236,81,0,#N/A,4,Erakond Eestimaa Rohelised
1008,Heidy Tamme,236,69,1,#N/A,8,Eesti Keskerakond
798,Siimo Lopsik,234,91,0,#N/A,12,Eesti Konservatiivne Rahvaerakond
390,Joonas Laks,232,147,2,#N/A,4,Erakond Eestimaa Rohelised
1154,Aare Anderson,232,131,0,#N/A,9,Isamaa Erakond
734,Martin Judanov,231,74,2,#N/A,5,Eesti Konservatiivne Rahvaerakond
739,Uno Trumm,229,72,1,#N/A,6,Eesti Konservatiivne Rahvaerakond
293,Riho Tell,228,111,0,#N/A,6,Eesti Reformierakond
320,Merili Ranniste,228,129,2,#N/A,9,Eesti Reformierakond
1070,Vootele Hansen,227,139,0,#N/A,1,Isamaa Erakond
509,Olga Sõtnik,227,122,2,#N/A,3,Sotsiaaldemokraatlik Erakond
380,Tõnu Trubetsky,226,107,1,#N/A,3,Erakond Eestimaa Rohelised
963,Toomas Vitsut,226,72,1,#N/A,4,Eesti Keskerakond
1064,Avo Üprus,224,106,2,#N/A,1,Isamaa Erakond
693,Hasso Uuetoa,224,91,2,#N/A,2,Eesti Konservatiivne Rahvaerakond
508,Anto Liivat,224,166,0,#N/A,3,Sotsiaaldemokraatlik Erakond
1171,Arne Tilk,224,111,0,#N/A,11,Isamaa Erakond
717,Mart Järvik,223,83,6,#N/A,4,Eesti Konservatiivne Rahvaerakond
101,Andres Herkel,222,106,3,#N/A,1,Eesti Vabaerakond
486,Roy Strider,222,155,0,#N/A,1,Sotsiaaldemokraatlik Erakond
964,Kristiina Heinmets-Aigro,222,75,0,#N/A,4,Eesti Keskerakond
207,Kaul Nurm,222,91,0,#N/A,11,Eesti Vabaerakond
813,Mart Sander,221,122,1,#N/A,2,Erakond Eesti 200
1118,Toomas Schmidt,221,108,1,#N/A,5,Isamaa Erakond
1160,Anneli Kannus,221,122,2,#N/A,10,Isamaa Erakond
567,Margus Möldri,220,100,0,#N/A,9,Sotsiaaldemokraatlik Erakond
529,Hardi Volmer,219,119,2,#N/A,4,Sotsiaaldemokraatlik Erakond
292,Leo Aadel,219,126,1,#N/A,6,Eesti Reformierakond
1106,Andres Kaarmann,218,112,1,#N/A,4,Isamaa Erakond
1191,Margus Saar,216,86,4,#N/A,1,Üksikkandidaadid
827,Ülo Pikkov,216,122,0,#N/A,3,Erakond Eesti 200
587,Rein Järvelill,216,90,0,#N/A,11,Sotsiaaldemokraatlik Erakond
1007,Raivo Matsina,215,47,0,#N/A,8,Eesti Keskerakond
576,Lemmit Kaplinski,215,129,1,#N/A,10,Sotsiaaldemokraatlik Erakond
279,Ott Kasuri,213,140,1,#N/A,4,Eesti Reformierakond
303,Priit Palmet,211,117,1,#N/A,7,Eesti Reformierakond
551,Ants Kutti,211,77,0,#N/A,7,Sotsiaaldemokraatlik Erakond
869,Jana Pavlenkova,209,94,3,#N/A,7,Erakond Eesti 200
536,Hergo Tasuja,208,106,0,#N/A,5,Sotsiaaldemokraatlik Erakond
404,Laura Kiiroja,207,129,1,#N/A,4,Erakond Eestimaa Rohelised
188,Elo Lutsepp,207,88,1,#N/A,9,Eesti Vabaerakond
570,Maano Koemets,205,114,1,#N/A,9,Sotsiaaldemokraatlik Erakond
973,Ilja Ban,204,63,0,#N/A,4,Eesti Keskerakond
792,Heldur Paulson,204,50,0,#N/A,12,Eesti Konservatiivne Rahvaerakond
495,Karl-Martin Sinijärv,203,134,2,#N/A,2,Sotsiaaldemokraatlik Erakond
113,Neeme Kuningas,202,109,0,#N/A,2,Eesti Vabaerakond
1024,Marina Riisalu,202,50,1,#N/A,10,Eesti Keskerakond
785,Gaius Gil,202,54,3,#N/A,11,Eesti Konservatiivne Rahvaerakond
718,Tõnu Urva,201,68,1,#N/A,4,Eesti Konservatiivne Rahvaerakond
543,Kairit Pihlak,201,114,1,#N/A,6,Sotsiaaldemokraatlik Erakond
947,Irina Embrich,200,56,0,#N/A,2,Eesti Keskerakond
776,Aare Tamm,200,48,4,#N/A,10,Eesti Konservatiivne Rahvaerakond
1025,Viktor Trasberg,200,60,0,#N/A,10,Eesti Keskerakond
685,Georg Kirsberg,199,74,8,#N/A,1,Eesti Konservatiivne Rahvaerakond
635,Kaupo Vipp,198,106,1,#N/A,5,Elurikkuse Erakond
571,Jarno Laur,198,115,0,#N/A,9,Sotsiaaldemokraatlik Erakond
971,Jaanus Kalev,195,55,1,#N/A,4,Eesti Keskerakond
774,Mareh Kalda,194,76,2,#N/A,10,Eesti Konservatiivne Rahvaerakond
379,Katrin Jõgisaar,193,127,4,#N/A,3,Erakond Eestimaa Rohelised
1019,Tarmo Tomson,193,47,0,#N/A,9,Eesti Keskerakond
481,Siim Tuisk,192,149,3,#N/A,1,Sotsiaaldemokraatlik Erakond
595,Mercedes Merimaa,192,91,2,#N/A,12,Sotsiaaldemokraatlik Erakond
1192,Hando Tõnumaa,191,100,0,#N/A,2,Üksikkandidaadid
760,Priit Jürjens,190,58,2,#N/A,8,Eesti Konservatiivne Rahvaerakond
217,Toomas Alatalu,190,67,1,#N/A,12,Eesti Vabaerakond
520,Tõnis Blank,187,86,1,#N/A,4,Sotsiaaldemokraatlik Erakond
726,Rudolf Jeeser,186,84,7,#N/A,4,Eesti Konservatiivne Rahvaerakond
367,Reet Härmat,183,110,1,#N/A,2,Erakond Eestimaa Rohelised
721,Alar Valge,183,88,0,#N/A,4,Eesti Konservatiivne Rahvaerakond
235,Katrin Helendi,181,121,1,#N/A,1,Eesti Reformierakond
553,Etti Kagarov,181,85,0,#N/A,7,Sotsiaaldemokraatlik Erakond
1047,Avo Keel,180,69,0,#N/A,12,Eesti Keskerakond
541,Kelly Konetski-Ramul,178,98,1,#N/A,6,Sotsiaaldemokraatlik Erakond
528,Tõnu Oja,177,98,1,#N/A,4,Sotsiaaldemokraatlik Erakond
1125,Mihkel Juhkami,177,96,0,#N/A,6,Isamaa Erakond
274,Jaan Alver,176,114,0,#N/A,4,Eesti Reformierakond
746,Kalev Prits,175,58,1,#N/A,7,Eesti Konservatiivne Rahvaerakond
273,Tiina Rühka,174,102,0,#N/A,4,Eesti Reformierakond
794,Edmond Penu,174,45,6,#N/A,12,Eesti Konservatiivne Rahvaerakond
1145,Valter Vaha,170,76,1,#N/A,8,Isamaa Erakond
723,Peeter Krall,169,82,0,#N/A,4,Eesti Konservatiivne Rahvaerakond
1172,Kalle Vister,169,76,0,#N/A,11,Isamaa Erakond
900,Kadri Haller-Kikkatalo,166,91,1,#N/A,10,Erakond Eesti 200
446,Henry Laks,165,73,0,#N/A,9,Erakond Eestimaa Rohelised
1022,Monica Rand,164,47,1,#N/A,10,Eesti Keskerakond
336,Einike Mölder,164,86,0,#N/A,11,Eesti Reformierakond
690,Urmas Simon,163,78,3,#N/A,2,Eesti Konservatiivne Rahvaerakond
854,Toomas Kasemaa,163,92,0,#N/A,5,Erakond Eesti 200
540,Eerik Lumiste,163,66,0,#N/A,6,Sotsiaaldemokraatlik Erakond
651,Peeter Lepisk,163,91,0,#N/A,9,Elurikkuse Erakond
501,Maimu Berg,162,89,1,#N/A,2,Sotsiaaldemokraatlik Erakond
802,Pirko Konsa,161,130,2,#N/A,1,Erakond Eesti 200
510,Jaak Kangilaski,160,99,1,#N/A,3,Sotsiaaldemokraatlik Erakond
1142,Jüri Ellram,160,74,0,#N/A,8,Isamaa Erakond
511,Merli Reidolf,159,122,2,#N/A,3,Sotsiaaldemokraatlik Erakond
1029,Madis Lepajõe,159,62,2,#N/A,10,Eesti Keskerakond
795,Robert Kiviselg,159,64,0,#N/A,12,Eesti Konservatiivne Rahvaerakond
916,Janno Kuldkepp,159,63,2,#N/A,12,Erakond Eesti 200
1006,Karl Õmblus,158,48,0,#N/A,8,Eesti Keskerakond
311,Tarmo Alt,157,94,0,#N/A,8,Eesti Reformierakond
208,Marika Parv,157,60,0,#N/A,11,Eesti Vabaerakond
516,Tanel Talve,156,68,1,#N/A,4,Sotsiaaldemokraatlik Erakond
559,Külvar Mand,156,74,2,#N/A,8,Sotsiaaldemokraatlik Erakond
1038,Jüri Saar,156,33,0,#N/A,11,Eesti Keskerakond
245,Helen Mahmastol,154,93,0,#N/A,2,Eesti Reformierakond
700,Kairet Remmak-Grassmann,154,70,1,#N/A,2,Eesti Konservatiivne Rahvaerakond
1092,Andres Öpik,153,97,1,#N/A,3,Isamaa Erakond
732,Ille Palusalu,153,71,1,#N/A,5,Eesti Konservatiivne Rahvaerakond
903,Jaak Laineste,153,114,0,#N/A,10,Erakond Eesti 200
806,Margot Roose,152,114,0,#N/A,1,Erakond Eesti 200
841,Jüri Lehtmets,152,105,1,#N/A,4,Erakond Eesti 200
218,Heli Künnapas,151,62,0,#N/A,12,Eesti Vabaerakond
934,Josef Kats,150,41,0,#N/A,1,Eesti Keskerakond
959,Grete Šillis,150,68,0,#N/A,3,Eesti Keskerakond
815,Toomas Uibo,149,92,1,#N/A,2,Erakond Eesti 200
387,Tiiu Roosma,149,99,0,#N/A,3,Erakond Eestimaa Rohelised
983,Aivar Aru,149,46,0,#N/A,5,Eesti Keskerakond
668,Aivar Ruukel,149,94,0,#N/A,12,Elurikkuse Erakond
839,Taavi Toom,148,98,0,#N/A,4,Erakond Eesti 200
1135,Aivo Tamm,148,80,0,#N/A,7,Isamaa Erakond
879,Kalle Kallas,148,66,0,#N/A,8,Erakond Eesti 200
682,Eda Rüütel,146,41,2,#N/A,1,Eesti Konservatiivne Rahvaerakond
652,Anneli Palo,146,87,0,#N/A,9,Elurikkuse Erakond
862,Elmu Koppelmann,145,66,0,#N/A,6,Erakond Eesti 200
1165,Kaspar Kokk,145,76,0,#N/A,10,Isamaa Erakond
801,Tiia Sihver,144,88,1,#N/A,1,Erakond Eesti 200
372,Laura Lisete Roosaar,144,89,0,#N/A,2,Erakond Eestimaa Rohelised
1146,Hermann Kalmus,144,54,0,#N/A,8,Isamaa Erakond
1153,Jaana Puur,144,65,0,#N/A,9,Isamaa Erakond
1184,Aare Arva,144,63,1,#N/A,12,Isamaa Erakond
948,Peeter Mardna,142,46,0,#N/A,2,Eesti Keskerakond
542,Margus Punane,142,58,0,#N/A,6,Sotsiaaldemokraatlik Erakond
1078,Jüri Trei,141,71,4,#N/A,2,Isamaa Erakond
535,Silvi Teesalu,141,50,2,#N/A,5,Sotsiaaldemokraatlik Erakond
1116,Georg Linkov,141,77,0,#N/A,5,Isamaa Erakond
1161,Priit Humal,141,80,1,#N/A,10,Isamaa Erakond
659,Airi Hallik-Konnula,141,82,2,#N/A,11,Elurikkuse Erakond
259,Tõnu Meijel,140,86,0,#N/A,3,Eesti Reformierakond
365,Helina Tilk,139,70,4,#N/A,2,Erakond Eestimaa Rohelised
914,Epp Petrone,139,69,1,#N/A,11,Erakond Eesti 200
1043,Krista Nõmm,139,40,0,#N/A,12,Eesti Keskerakond
1069,Peeter Võsu,138,59,0,#N/A,1,Isamaa Erakond
251,Margit Elviste,137,104,0,#N/A,2,Eesti Reformierakond
691,Raul Öpik,137,57,2,#N/A,2,Eesti Konservatiivne Rahvaerakond
1111,Leemet Vaikmaa,137,64,0,#N/A,4,Isamaa Erakond
623,Eha Metsallik,135,71,1,#N/A,4,Elurikkuse Erakond
1124,Tamara Vahtra-Aasmets,135,68,0,#N/A,6,Isamaa Erakond
1133,Artur Põld,135,44,0,#N/A,7,Isamaa Erakond
1173,Toomas Piirmann,135,58,0,#N/A,11,Isamaa Erakond
695,Viljo Tamm,132,46,2,#N/A,2,Eesti Konservatiivne Rahvaerakond
727,Mihkel Saretok,132,47,0,#N/A,4,Eesti Konservatiivne Rahvaerakond
1143,Janika Gedvil,132,79,1,#N/A,8,Isamaa Erakond
362,Kadri Sikk,131,88,2,#N/A,1,Erakond Eestimaa Rohelised
496,Krista Kampus,131,89,2,#N/A,2,Sotsiaaldemokraatlik Erakond
892,Evelin Pärl,131,80,0,#N/A,9,Erakond Eesti 200
575,Meelis Luht,131,64,0,#N/A,10,Sotsiaaldemokraatlik Erakond
634,Val Rajasaar,130,96,0,#N/A,4,Elurikkuse Erakond
898,Pille Tsopp-Pagan,130,80,0,#N/A,10,Erakond Eesti 200
598,Tatjana Jaanson,130,60,1,#N/A,12,Sotsiaaldemokraatlik Erakond
250,Taavi Toppi,129,101,0,#N/A,2,Eesti Reformierakond
429,Hannes Puu,129,48,2,#N/A,8,Erakond Eestimaa Rohelised
972,Hans Liibek,126,63,0,#N/A,4,Eesti Keskerakond
666,Ülle Kauksi,126,49,0,#N/A,11,Elurikkuse Erakond
502,Jaak Allik,124,62,1,#N/A,2,Sotsiaaldemokraatlik Erakond
517,Pille Petersoo,123,77,0,#N/A,4,Sotsiaaldemokraatlik Erakond
679,Ants Miller,122,59,0,#N/A,1,Eesti Konservatiivne Rahvaerakond
1068,Imre Rammul,122,75,0,#N/A,1,Isamaa Erakond
140,Tiia Välk,122,51,0,#N/A,4,Eesti Vabaerakond
758,Tarmo Hints,122,35,4,#N/A,8,Eesti Konservatiivne Rahvaerakond
1079,Toivo Jürgenson,121,69,1,#N/A,2,Isamaa Erakond
741,Aigar Põder,121,47,3,#N/A,6,Eesti Konservatiivne Rahvaerakond
803,Karin Kaup-Lapõnin,120,85,1,#N/A,1,Erakond Eesti 200
1136,Arno Strauch,119,42,0,#N/A,7,Isamaa Erakond
751,Mari-Liis Lillemets,118,48,1,#N/A,7,Eesti Konservatiivne Rahvaerakond
909,Merlis Pajustik,118,62,0,#N/A,11,Erakond Eesti 200
716,Marek Leinemann,117,69,0,#N/A,4,Eesti Konservatiivne Rahvaerakond
198,Vahur Kollom,117,65,0,#N/A,10,Eesti Vabaerakond
641,Lauri Klein,116,73,0,#N/A,6,Elurikkuse Erakond
890,Maarika Kukk,116,61,1,#N/A,9,Erakond Eesti 200
920,Mati Tiimus,116,58,0,#N/A,12,Erakond Eesti 200
889,Margus Pärsik,115,48,0,#N/A,9,Erakond Eesti 200
144,Tiiu Kuurme,114,57,0,#N/A,4,Eesti Vabaerakond
525,Madis Roodla,114,74,0,#N/A,4,Sotsiaaldemokraatlik Erakond
624,Heli Piisang,114,63,0,#N/A,4,Elurikkuse Erakond
894,Ronald Laarmaa,114,82,0,#N/A,9,Erakond Eesti 200
808,Valeri Ivanov,113,52,0,#N/A,1,Erakond Eesti 200
1050,Andrei Orponen,113,32,0,#N/A,2,Eestimaa Ühendatud Vasakpartei
878,Angelika Naris,113,58,2,#N/A,8,Erakond Eesti 200
1190,Hannes Veskimäe,112,63,0,#N/A,1,Üksikkandidaadid
1194,Üllar Kruustik,112,47,0,#N/A,11,Üksikkandidaadid
497,Kristel Rannaääre,111,84,0,#N/A,2,Sotsiaaldemokraatlik Erakond
692,Karine Siiak,110,49,1,#N/A,2,Eesti Konservatiivne Rahvaerakond
1107,Priit Põldmäe,110,54,0,#N/A,4,Isamaa Erakond
1093,Urmas Mardi,109,62,0,#N/A,3,Isamaa Erakond
985,Üllar Neemrand,109,27,0,#N/A,5,Eesti Keskerakond
448,Rea Sepping,109,65,0,#N/A,10,Erakond Eestimaa Rohelised
1096,Indrek Luberg,108,61,1,#N/A,3,Isamaa Erakond
1187,Risto Nahkor,108,36,0,#N/A,4,Üksikkandidaadid
550,Sergei Solovjov,107,36,1,#N/A,7,Sotsiaaldemokraatlik Erakond
747,Evelin Poolamets,107,31,1,#N/A,7,Eesti Konservatiivne Rahvaerakond
677,Karl Olaf Rääk,106,55,0,#N/A,1,Eesti Konservatiivne Rahvaerakond
825,Erik Vest,106,62,0,#N/A,2,Erakond Eesti 200
1082,Illimar Leppik Von Wirén,106,59,4,#N/A,2,Isamaa Erakond
840,Terje Bachmann,106,67,0,#N/A,4,Erakond Eesti 200
413,Andres Jaadla,106,41,0,#N/A,6,Erakond Eestimaa Rohelised
206,Mart Kivastik,106,52,0,#N/A,10,Eesti Vabaerakond
899,Jüri-Ott Salm,106,64,0,#N/A,10,Erakond Eesti 200
1044,Ardo Aasa,106,32,0,#N/A,12,Eesti Keskerakond
759,Ando Tulvik,105,51,0,#N/A,8,Eesti Konservatiivne Rahvaerakond
233,Andres Aro,104,63,0,#N/A,1,Eesti Reformierakond
807,Ivar Soone,104,70,0,#N/A,1,Erakond Eesti 200
724,Ranno Pool,104,41,2,#N/A,4,Eesti Konservatiivne Rahvaerakond
683,Külli Remsu,103,42,0,#N/A,1,Eesti Konservatiivne Rahvaerakond
704,Mart Kallas,102,37,0,#N/A,3,Eesti Konservatiivne Rahvaerakond
1045,Ants Lopsik,102,19,0,#N/A,12,Eesti Keskerakond
234,Gerol Silkin,101,70,0,#N/A,1,Eesti Reformierakond
482,Maris Sild,101,73,0,#N/A,1,Sotsiaaldemokraatlik Erakond
681,Riho Rausma,101,48,0,#N/A,1,Eesti Konservatiivne Rahvaerakond
278,Marko Raudlam,101,37,0,#N/A,4,Eesti Reformierakond
519,Merike Metstak,101,46,1,#N/A,4,Sotsiaaldemokraatlik Erakond
180,Arlet Palmiste,101,53,1,#N/A,8,Eesti Vabaerakond
650,Ülle Kuldkepp,101,43,0,#N/A,8,Elurikkuse Erakond
405,Rasmus Lahtvee,100,49,3,#N/A,5,Erakond Eestimaa Rohelised
451,Inga Ploomipuu,100,61,0,#N/A,10,Erakond Eestimaa Rohelised
600,Jaan Krinal,100,45,0,#N/A,12,Sotsiaaldemokraatlik Erakond
1065,Karl Sander Kase,99,66,0,#N/A,1,Isamaa Erakond
260,Toomas Kärk,99,70,0,#N/A,3,Eesti Reformierakond
480,Erika Scholler,98,47,0,#N/A,1,Sotsiaaldemokraatlik Erakond
549,Tatjana Olesk,98,31,0,#N/A,7,Sotsiaaldemokraatlik Erakond
768,Kristian Suve,98,32,0,#N/A,9,Eesti Konservatiivne Rahvaerakond
578,Asko Tamme,98,56,0,#N/A,10,Sotsiaaldemokraatlik Erakond
1090,Kristian Taska,97,58,0,#N/A,3,Isamaa Erakond
432,Heli Kuuse,97,56,1,#N/A,8,Erakond Eestimaa Rohelised
881,Raul Alliksaar,97,48,0,#N/A,8,Erakond Eesti 200
885,Krister Kallas,97,53,0,#N/A,8,Erakond Eesti 200
1046,Andres Annast,97,30,0,#N/A,12,Eesti Keskerakond
453,Raul Kübarsepp,96,63,0,#N/A,10,Erakond Eestimaa Rohelised
810,Ahti Kallaste,95,64,0,#N/A,1,Erakond Eesti 200
644,Kaja Toikka,95,36,1,#N/A,7,Elurikkuse Erakond
829,Siiri Lehtmets,94,47,1,#N/A,3,Erakond Eesti 200
522,Ott Valdma,94,42,0,#N/A,4,Sotsiaaldemokraatlik Erakond
852,Jaak Raie,94,66,0,#N/A,4,Erakond Eesti 200
750,Ringo Riives,94,43,0,#N/A,7,Eesti Konservatiivne Rahvaerakond
830,Tiit Papp,92,49,0,#N/A,3,Erakond Eesti 200
611,Helen Orav-Kotta,91,55,0,#N/A,2,Elurikkuse Erakond
534,Kaido Sipelgas,91,54,1,#N/A,5,Sotsiaaldemokraatlik Erakond
864,Madis Viise,91,44,0,#N/A,6,Erakond Eesti 200
299,Merike Peri,91,40,0,#N/A,7,Eesti Reformierakond
871,Svetlana Skrebneva,91,30,0,#N/A,7,Erakond Eesti 200
569,Mati Kepp,91,44,0,#N/A,9,Sotsiaaldemokraatlik Erakond
1120,Tiit Harjak,90,55,0,#N/A,5,Isamaa Erakond
1186,Jüri Malsub,90,38,0,#N/A,8,Üksikkandidaadid
1155,Heldur Lääne,90,38,0,#N/A,9,Isamaa Erakond
911,Mikk Mäesaar,90,23,1,#N/A,11,Erakond Eesti 200
395,Katrin Lehtveer,89,58,0,#N/A,4,Erakond Eestimaa Rohelised
967,Kersti Männik,89,33,0,#N/A,4,Eesti Keskerakond
157,Elge Härma,89,39,0,#N/A,5,Eesti Vabaerakond
860,Keith Siilats,89,56,0,#N/A,5,Erakond Eesti 200
880,Marju Mäger,89,54,0,#N/A,8,Erakond Eesti 200
450,Jüri Ginter,88,42,0,#N/A,10,Erakond Eestimaa Rohelised
621,Ott Köstner,87,46,1,#N/A,3,Elurikkuse Erakond
163,Pavo Raudsepp,87,31,0,#N/A,6,Eesti Vabaerakond
901,Ismail Mirzojev,87,52,0,#N/A,10,Erakond Eesti 200
975,Indrek Uuemaa,86,19,0,#N/A,4,Eesti Keskerakond
552,Pavel Prokopenko,86,38,0,#N/A,7,Sotsiaaldemokraatlik Erakond
599,Anet Tomašpolskaja,86,61,0,#N/A,12,Sotsiaaldemokraatlik Erakond
855,Jaanika Roosman,85,40,0,#N/A,5,Erakond Eesti 200
579,Ants Johanson,85,53,0,#N/A,10,Sotsiaaldemokraatlik Erakond
661,Eda Veeroja,85,50,0,#N/A,11,Elurikkuse Erakond
619,Andres Vesper,84,57,1,#N/A,3,Elurikkuse Erakond
189,Märt Läänemets,84,44,0,#N/A,9,Eesti Vabaerakond
671,Tauno Jürgenstein,84,38,1,#N/A,12,Elurikkuse Erakond
1080,Tiit Matsulevitš,83,48,2,#N/A,2,Isamaa Erakond
1052,Julia Sommer,83,31,1,#N/A,4,Eestimaa Ühendatud Vasakpartei
544,Garri Raagmaa,83,47,2,#N/A,6,Sotsiaaldemokraatlik Erakond
698,Piret Kollo,82,23,1,#N/A,2,Eesti Konservatiivne Rahvaerakond
1081,Jaak Ahelik,82,46,0,#N/A,2,Isamaa Erakond
725,Tõnu Kaur,82,29,1,#N/A,4,Eesti Konservatiivne Rahvaerakond
483,Joosep Vimm,81,55,2,#N/A,1,Sotsiaaldemokraatlik Erakond
129,Merike Värik,81,47,2,#N/A,3,Eesti Vabaerakond
831,Andres Ingerman,81,58,0,#N/A,3,Erakond Eesti 200
833,Karoliina Oona Ranne,81,48,1,#N/A,3,Erakond Eesti 200
1137,Janek Raik,81,30,0,#N/A,7,Isamaa Erakond
568,Jaan Sõrra,81,39,0,#N/A,9,Sotsiaaldemokraatlik Erakond
969,Jüri Võigemast,80,26,0,#N/A,4,Eesti Keskerakond
863,Marko Teiva,80,41,0,#N/A,6,Erakond Eesti 200
866,Triin Sihver,80,37,1,#N/A,6,Erakond Eesti 200
646,Riina Eigi,80,41,1,#N/A,8,Elurikkuse Erakond
588,Maire Murumaa,80,47,0,#N/A,11,Sotsiaaldemokraatlik Erakond
615,Piret Räni,79,45,0,#N/A,2,Elurikkuse Erakond
114,Kaja Jakobson,77,37,2,#N/A,2,Eesti Vabaerakond
699,Katrin Linde,77,28,0,#N/A,2,Eesti Konservatiivne Rahvaerakond
1110,Mart Rannut,77,36,0,#N/A,4,Isamaa Erakond
420,Timur Sagitov,77,31,0,#N/A,7,Erakond Eestimaa Rohelised
908,Krista Sildoja,77,40,0,#N/A,11,Erakond Eesti 200
1086,Ingo Normet,76,33,0,#N/A,2,Isamaa Erakond
1112,Madis Kübar,76,45,0,#N/A,4,Isamaa Erakond
1121,Tõnu Munk,76,27,0,#N/A,5,Isamaa Erakond
196,Märt Meesak,76,31,0,#N/A,9,Eesti Vabaerakond
1193,Maarika Pähklemäe,75,38,0,#N/A,2,Üksikkandidaadid
160,Egon Erkmann,75,39,0,#N/A,5,Eesti Vabaerakond
867,Tarmo Tamm,75,33,0,#N/A,6,Erakond Eesti 200
455,Helle Kaasik,75,45,1,#N/A,10,Erakond Eestimaa Rohelised
1163,Friedrich Kaasik,75,48,1,#N/A,10,Isamaa Erakond
384,Karin Põldoja,74,46,0,#N/A,3,Erakond Eestimaa Rohelised
749,Tiit Raud,74,23,3,#N/A,7,Eesti Konservatiivne Rahvaerakond
893,Väino Uibo,74,28,0,#N/A,9,Erakond Eesti 200
913,Herko Sunts,74,53,0,#N/A,11,Erakond Eesti 200
804,Marianna Kaat,73,47,0,#N/A,1,Erakond Eesti 200
818,Aare Lapõnin,72,46,0,#N/A,2,Erakond Eesti 200
709,Jüri Böhm,72,17,1,#N/A,3,Eesti Konservatiivne Rahvaerakond
407,Loore Härmat,72,29,0,#N/A,5,Erakond Eestimaa Rohelised
884,Lauri Vaiksaar,72,44,0,#N/A,8,Erakond Eesti 200
907,Are Selge,72,34,0,#N/A,11,Erakond Eesti 200
597,Reelika Rüütli,72,48,0,#N/A,12,Sotsiaaldemokraatlik Erakond
357,Anne Vetik,71,54,0,#N/A,1,Erakond Eestimaa Rohelised
1049,Oleg Tesla,70,21,0,#N/A,1,Eestimaa Ühendatud Vasakpartei
706,Raivo Põhjakivi,70,27,2,#N/A,3,Eesti Konservatiivne Rahvaerakond
523,Ain Pinnonen,70,32,0,#N/A,4,Sotsiaaldemokraatlik Erakond
848,Nadežda Gretšnevkina,70,39,0,#N/A,4,Erakond Eesti 200
248,Tiit Soorm,69,52,0,#N/A,2,Eesti Reformierakond
179,Ain Ostra,68,23,0,#N/A,8,Eesti Vabaerakond
1095,Anne Eenpalu,67,32,0,#N/A,3,Isamaa Erakond
977,Viive Rosenberg,67,14,0,#N/A,4,Eesti Keskerakond
159,Anne Kiider,67,29,0,#N/A,5,Eesti Vabaerakond
870,Nikita Lumijõe,67,30,0,#N/A,7,Erakond Eesti 200
923,Toomas Pajula,67,33,0,#N/A,12,Erakond Eesti 200
805,Henry Sinivee,66,44,0,#N/A,1,Erakond Eesti 200
132,Epp Alatalu,66,23,0,#N/A,3,Eesti Vabaerakond
301,Olesja Ojamäe,66,28,0,#N/A,7,Eesti Reformierakond
562,Tonio Tamra,66,25,0,#N/A,8,Sotsiaaldemokraatlik Erakond
249,Rainar Enden,65,45,0,#N/A,2,Eesti Reformierakond
1055,Viktor Malõgin,65,13,0,#N/A,7,Eestimaa Ühendatud Vasakpartei
353,Fideelia-Signe Roots,64,44,0,#N/A,1,Erakond Eestimaa Rohelised
580,Tõnu Ints,64,32,0,#N/A,10,Sotsiaaldemokraatlik Erakond
917,Sirje Niitra,64,35,1,#N/A,12,Erakond Eesti 200
835,Eduard Finagin,63,38,0,#N/A,3,Erakond Eesti 200
458,Zoja Mellov,63,41,0,#N/A,11,Erakond Eestimaa Rohelised
377,Olev-Andres Tinn,62,37,0,#N/A,2,Erakond Eestimaa Rohelised
1197,Kalju Mätik,62,22,0,#N/A,3,Üksikkandidaadid
192,Kaido Väljaots,62,29,0,#N/A,9,Eesti Vabaerakond
822,Pavel Starkov,61,30,0,#N/A,2,Erakond Eesti 200
832,Marek Karm,61,38,0,#N/A,3,Erakond Eesti 200
842,Leino Mägi,61,31,0,#N/A,4,Erakond Eesti 200
1195,Tanel Häidkind,61,21,0,#N/A,11,Üksikkandidaadid
620,Jüri Peterson,60,33,0,#N/A,3,Elurikkuse Erakond
874,Mihhail Derbnev,60,31,1,#N/A,7,Erakond Eesti 200
561,Kaarel Orumägi,60,23,0,#N/A,8,Sotsiaaldemokraatlik Erakond
647,Janica Sepp,60,30,2,#N/A,8,Elurikkuse Erakond
507,Olev Remsu,59,34,0,#N/A,3,Sotsiaaldemokraatlik Erakond
1009,Aado Oherd,59,23,0,#N/A,8,Eesti Keskerakond
442,Küllike Reimaa,59,30,0,#N/A,9,Erakond Eestimaa Rohelised
902,Karin Jõks,59,25,0,#N/A,10,Erakond Eesti 200
904,Kirill Avdejev,59,16,0,#N/A,10,Erakond Eesti 200
211,Annika Toots,59,27,0,#N/A,11,Eesti Vabaerakond
703,Wesse Allik,57,20,0,#N/A,3,Eesti Konservatiivne Rahvaerakond
649,Priit-Kalev Parts,57,35,0,#N/A,8,Elurikkuse Erakond
1083,Lea Nilson,56,33,0,#N/A,2,Isamaa Erakond
385,Errol Vares,56,30,1,#N/A,3,Erakond Eestimaa Rohelised
149,Jaak Vackermann,56,18,0,#N/A,4,Eesti Vabaerakond
391,Tiiu-Ann Kaldma,56,24,0,#N/A,4,Erakond Eestimaa Rohelised
1164,Tarvo Siilaberg,56,28,0,#N/A,10,Isamaa Erakond
918,Tarmo Valgepea,56,20,0,#N/A,12,Erakond Eesti 200
844,Hilje Savolainen,55,37,0,#N/A,4,Erakond Eesti 200
891,Kaare Põder,55,28,0,#N/A,9,Erakond Eesti 200
374,Oskar-Aleksander Lesment,54,32,0,#N/A,2,Erakond Eestimaa Rohelised
485,Jevgeni Vaisbein,53,20,0,#N/A,1,Sotsiaaldemokraatlik Erakond
684,Urmas Siemer,53,20,1,#N/A,1,Eesti Konservatiivne Rahvaerakond
376,Vootele Vaher,52,34,0,#N/A,2,Erakond Eestimaa Rohelised
710,Ain Pedajas,52,15,0,#N/A,3,Eesti Konservatiivne Rahvaerakond
648,Peep Tobreluts,52,30,0,#N/A,8,Elurikkuse Erakond
469,Mikk Pärnits,52,31,0,#N/A,12,Erakond Eestimaa Rohelised
252,Meelis Soll,51,34,0,#N/A,2,Eesti Reformierakond
370,Aleksander Pototski,51,21,0,#N/A,2,Erakond Eestimaa Rohelised
154,Mihhail Jallajas,51,17,1,#N/A,4,Eesti Vabaerakond
415,Jaanus Nurmoja,51,30,0,#N/A,6,Erakond Eestimaa Rohelised
876,Jüri Käosaar,51,29,0,#N/A,7,Erakond Eesti 200
707,Tõnis Tähe,50,23,0,#N/A,3,Eesti Konservatiivne Rahvaerakond
139,Raivo Kokser,50,12,0,#N/A,4,Eesti Vabaerakond
628,Liis Truubon,50,24,0,#N/A,4,Elurikkuse Erakond
856,Lars Uus,50,27,0,#N/A,5,Erakond Eesti 200
170,Jane Snaith,50,12,0,#N/A,7,Eesti Vabaerakond
475,Tiia Kõnnussaar,50,26,0,#N/A,12,Erakond Eestimaa Rohelised
498,Kirill Klaus,49,23,0,#N/A,2,Sotsiaaldemokraatlik Erakond
689,Riho Nüüd,49,14,1,#N/A,2,Eesti Konservatiivne Rahvaerakond
694,Veiko Hartwig Valgepea,49,19,0,#N/A,2,Eesti Konservatiivne Rahvaerakond
843,Joel Jesse,49,25,1,#N/A,4,Erakond Eesti 200
857,Anu Uibo,49,24,0,#N/A,5,Erakond Eesti 200
456,Merily Vakker,49,24,0,#N/A,10,Erakond Eestimaa Rohelised
219,Elmo Joa,49,26,0,#N/A,12,Eesti Vabaerakond
400,Mai Mikk,48,16,1,#N/A,4,Erakond Eestimaa Rohelised
484,Gertrud Kasemaa,47,31,0,#N/A,1,Sotsiaaldemokraatlik Erakond
610,Eve Randvere,47,27,0,#N/A,2,Elurikkuse Erakond
865,Ahto Neidek,47,32,0,#N/A,6,Erakond Eesti 200
1174,Ain Pajo,47,28,0,#N/A,11,Isamaa Erakond
642,Cornelia Kotto,46,26,0,#N/A,6,Elurikkuse Erakond
373,Annaliisa Asveit,45,29,1,#N/A,2,Erakond Eestimaa Rohelised
821,Anne Kahru,45,33,1,#N/A,2,Erakond Eesti 200
851,Raivo Mererand,45,26,1,#N/A,4,Erakond Eesti 200
437,Elo-Maria Roots,45,24,0,#N/A,8,Erakond Eestimaa Rohelised
653,Külli Org,45,18,0,#N/A,9,Elurikkuse Erakond
130,Tõnu Ploompuu,44,21,0,#N/A,3,Eesti Vabaerakond
428,Märt Põder,44,28,0,#N/A,7,Erakond Eestimaa Rohelised
654,Tauno Laasik,44,26,0,#N/A,9,Elurikkuse Erakond
204,Alvar Tipp,44,20,0,#N/A,10,Eesti Vabaerakond
102,Õie-Mari Aasmäe,43,32,0,#N/A,1,Eesti Vabaerakond
606,Riinu Lepa,43,29,1,#N/A,1,Elurikkuse Erakond
816,Aleksei Jašin,43,25,0,#N/A,2,Erakond Eesti 200
630,Marika Jahilo,43,24,0,#N/A,4,Elurikkuse Erakond
172,Karina Küppas,43,7,0,#N/A,7,Eesti Vabaerakond
883,Tatjana Jürgen,43,27,0,#N/A,8,Erakond Eesti 200
663,Oliver Loode,43,31,0,#N/A,11,Elurikkuse Erakond
912,Katrin Jõgeva,43,17,0,#N/A,11,Erakond Eesti 200
605,Riina Soone,42,23,0,#N/A,1,Elurikkuse Erakond
419,Reigo Lehtla,42,29,1,#N/A,6,Erakond Eestimaa Rohelised
1132,Andres Noormägi,42,17,0,#N/A,7,Isamaa Erakond
431,Kristjan Rohtla,42,24,0,#N/A,8,Erakond Eestimaa Rohelised
560,Tambet Sova,41,22,0,#N/A,8,Sotsiaaldemokraatlik Erakond
655,Toomas Frey,41,14,0,#N/A,9,Elurikkuse Erakond
1059,Vjatšeslav Makaronski,41,11,1,#N/A,12,Eestimaa Ühendatud Vasakpartei
834,Hanno Püttsepp,40,28,0,#N/A,3,Erakond Eesti 200
399,Hannes Mets,40,21,1,#N/A,4,Erakond Eestimaa Rohelised
1109,Ann Räämet,40,22,0,#N/A,4,Isamaa Erakond
636,Enn Kaljo,40,16,0,#N/A,5,Elurikkuse Erakond
416,Riina Odnenko,40,13,0,#N/A,6,Erakond Eestimaa Rohelised
210,Üllar Vana,40,14,0,#N/A,11,Eesti Vabaerakond
665,Rein Lepp,40,14,0,#N/A,11,Elurikkuse Erakond
1196,Ege Hirv,39,15,0,#N/A,2,Üksikkandidaadid
410,Steve Truumets,39,29,1,#N/A,5,Erakond Eestimaa Rohelised
669,Grete Pertel,39,28,0,#N/A,12,Elurikkuse Erakond
670,Kersti Reppo,39,14,1,#N/A,12,Elurikkuse Erakond
673,Thea Perm,39,21,0,#N/A,12,Elurikkuse Erakond
697,Juhan Kobin,38,11,0,#N/A,2,Eesti Konservatiivne Rahvaerakond
191,Katrin Hauk,38,17,0,#N/A,9,Eesti Vabaerakond
199,Heiki Lill,38,25,0,#N/A,10,Eesti Vabaerakond
1071,Jako Kull,37,13,0,#N/A,1,Isamaa Erakond
131,Aleksandr Dormidontov,37,10,0,#N/A,3,Eesti Vabaerakond
1051,Igor Rosenfeld,37,6,0,#N/A,3,Eestimaa Ühendatud Vasakpartei
1199,Veiko Tani,37,19,0,#N/A,3,Üksikkandidaadid
631,Paavo Eensalu,37,24,0,#N/A,4,Elurikkuse Erakond
164,Piret Pihel,37,11,0,#N/A,6,Eesti Vabaerakond
873,Darja Berestova,37,15,0,#N/A,7,Erakond Eesti 200
440,Ivo-Hannes Lehtsalu,37,19,1,#N/A,9,Erakond Eestimaa Rohelised
106,Jüri Pino,36,17,1,#N/A,1,Eesti Vabaerakond
401,Andres Meesak,36,25,0,#N/A,4,Erakond Eestimaa Rohelised
527,Mati Õunloo,36,16,0,#N/A,4,Sotsiaaldemokraatlik Erakond
872,Stanislav Tituško,36,15,0,#N/A,7,Erakond Eesti 200
190,Urmas Heinaste,36,22,0,#N/A,9,Eesti Vabaerakond
471,Anu Paluoja,36,20,1,#N/A,12,Erakond Eestimaa Rohelised
103,Jaak Prozes,35,18,3,#N/A,1,Eesti Vabaerakond
359,Kristina Sadohhina,35,17,0,#N/A,1,Erakond Eestimaa Rohelised
408,Kristen Kannik,35,24,0,#N/A,5,Erakond Eestimaa Rohelised
858,Martin Vahimets,35,23,0,#N/A,5,Erakond Eesti 200
819,Ave Talu,34,28,1,#N/A,2,Erakond Eesti 200
1144,Kaspar Kaarjas,34,19,0,#N/A,8,Isamaa Erakond
1057,Tiina Radionov,34,13,0,#N/A,9,Eestimaa Ühendatud Vasakpartei
474,Krista Lehari,34,23,0,#N/A,12,Erakond Eestimaa Rohelised
602,Allan Kokkota,33,13,0,#N/A,1,Elurikkuse Erakond
974,Aivar Roop,33,17,0,#N/A,4,Eesti Keskerakond
1134,Valentina Gurova,33,8,0,#N/A,7,Isamaa Erakond
195,Elar Ploomipuu,33,15,0,#N/A,9,Eesti Vabaerakond
443,Riina Pernau,33,15,0,#N/A,9,Erakond Eestimaa Rohelised
1162,Jaan Vaiksaar,33,15,0,#N/A,10,Isamaa Erakond
209,Urmas Ott,33,15,0,#N/A,11,Eesti Vabaerakond
603,Allan Prooso,32,18,0,#N/A,1,Elurikkuse Erakond
500,Allan Kaljakin,32,19,1,#N/A,2,Sotsiaaldemokraatlik Erakond
521,Ilja Borodkin,32,13,0,#N/A,4,Sotsiaaldemokraatlik Erakond
640,Sirkka Pintmann,32,18,0,#N/A,5,Elurikkuse Erakond
421,Olga Gudkova,32,12,0,#N/A,7,Erakond Eestimaa Rohelised
817,Julia Rustamova,31,16,0,#N/A,2,Erakond Eesti 200
1085,Tiit Naber,31,17,0,#N/A,2,Isamaa Erakond
1094,Andres Ergma,31,15,0,#N/A,3,Isamaa Erakond
639,Silja Reemet,31,15,0,#N/A,5,Elurikkuse Erakond
748,Andres Piibeleht,31,13,1,#N/A,7,Eesti Konservatiivne Rahvaerakond
356,Hannes Liitmäe,30,18,0,#N/A,1,Erakond Eestimaa Rohelised
360,Eero Uustalu,30,14,1,#N/A,1,Erakond Eestimaa Rohelised
364,Rene Kuulmann,30,11,1,#N/A,2,Erakond Eestimaa Rohelised
614,Madis Mark,30,19,1,#N/A,2,Elurikkuse Erakond
626,Kaja Karu-Espenberg,30,17,0,#N/A,4,Elurikkuse Erakond
638,Märt Randoja,30,21,0,#N/A,5,Elurikkuse Erakond
859,Andri Simo,30,21,0,#N/A,5,Erakond Eesti 200
417,Aare Veedla,30,14,0,#N/A,6,Erakond Eestimaa Rohelised
1058,Viivi-Helbe Peljuhhovska,30,9,0,#N/A,10,Eestimaa Ühendatud Vasakpartei
473,Johannes Sarapuu,30,13,0,#N/A,12,Erakond Eestimaa Rohelised
116,Taavi Simson,29,17,0,#N/A,2,Eesti Vabaerakond
382,Agu Kivimägi,29,14,1,#N/A,3,Erakond Eestimaa Rohelised
147,Kristo Krumm,29,19,0,#N/A,4,Eesti Vabaerakond
392,Andrei Gudim,29,14,1,#N/A,4,Erakond Eestimaa Rohelised
393,Anne Vahemäe,29,16,0,#N/A,4,Erakond Eestimaa Rohelised
1198,Kaido Kookmaa,29,13,0,#N/A,4,Üksikkandidaadid
201,Laili Jõgiaas,29,11,0,#N/A,10,Eesti Vabaerakond
910,Margit Lail,29,13,0,#N/A,11,Erakond Eesti 200
361,Mihkel Tiganik,28,15,0,#N/A,1,Erakond Eestimaa Rohelised
381,Urve Madar,28,19,0,#N/A,3,Erakond Eestimaa Rohelised
526,Ain Böckler,28,17,0,#N/A,4,Sotsiaaldemokraatlik Erakond
1188,Vello Kookmaa,28,11,0,#N/A,4,Üksikkandidaadid
181,Mari-Liis Tahker,28,12,0,#N/A,8,Eesti Vabaerakond
460,Stina Rammul,28,15,0,#N/A,11,Erakond Eestimaa Rohelised
221,Allar Sau,28,16,0,#N/A,12,Eesti Vabaerakond
112,Age Minka,27,17,0,#N/A,1,Eesti Vabaerakond
607,Siiri Tiivits-Puttonen,27,19,0,#N/A,1,Elurikkuse Erakond
143,Vahur Herm,27,10,0,#N/A,4,Eesti Vabaerakond
518,Jüri-Saimon Kuusemets,27,15,0,#N/A,4,Sotsiaaldemokraatlik Erakond
625,Jaanus Saadve,27,13,0,#N/A,4,Elurikkuse Erakond
845,Marko Nummert,27,14,0,#N/A,4,Erakond Eesti 200
414,Allan Jaakus,27,11,1,#N/A,6,Erakond Eestimaa Rohelised
202,Kristo Karu,27,11,0,#N/A,10,Eesti Vabaerakond
454,Ruth Tammeorg,27,14,0,#N/A,10,Erakond Eestimaa Rohelised
354,Tarmo Andre Elvisto,26,17,0,#N/A,1,Erakond Eestimaa Rohelised
499,Mihhail Beljajev,26,6,3,#N/A,2,Sotsiaaldemokraatlik Erakond
617,Teet Randma,26,9,0,#N/A,2,Elurikkuse Erakond
470,Tiina Kilkson,26,5,0,#N/A,12,Erakond Eestimaa Rohelised
608,Ülo Mängel,25,16,0,#N/A,1,Elurikkuse Erakond
121,Siim Tuur,25,14,0,#N/A,2,Eesti Vabaerakond
275,Liana Nõgene,25,20,0,#N/A,4,Eesti Reformierakond
409,Merike Kurvits,25,11,0,#N/A,5,Erakond Eestimaa Rohelised
411,Krissika Kast,25,12,0,#N/A,5,Erakond Eestimaa Rohelised
445,Alo Kaasik,25,12,0,#N/A,9,Erakond Eestimaa Rohelised
1185,Sergei Svjatušenko,24,6,0,#N/A,2,Üksikkandidaadid
849,Hillar Joon,24,20,0,#N/A,4,Erakond Eesti 200
662,Lilian Freiberg,24,20,0,#N/A,11,Elurikkuse Erakond
104,Jaanika Klopets,23,14,0,#N/A,1,Eesti Vabaerakond
150,Rein Rebane,23,13,0,#N/A,4,Eesti Vabaerakond
850,Arko Okk,23,13,0,#N/A,4,Erakond Eesti 200
406,Maret Merisaar,23,11,0,#N/A,5,Erakond Eestimaa Rohelised
355,Maigi Käige,22,10,0,#N/A,1,Erakond Eestimaa Rohelised
809,Maarika Neilinn,22,16,0,#N/A,1,Erakond Eesti 200
824,Aleksandr Maiorov,22,11,0,#N/A,2,Erakond Eesti 200
708,Andre Pere,22,9,0,#N/A,3,Eesti Konservatiivne Rahvaerakond
171,Sirje Pallo,22,3,1,#N/A,7,Eesti Vabaerakond
441,Erki Saksing,22,8,0,#N/A,9,Erakond Eestimaa Rohelised
200,Kaido Kallavus,22,12,0,#N/A,10,Eesti Vabaerakond
212,Kati Kongo,22,8,0,#N/A,11,Eesti Vabaerakond
919,Sigrit Roosileht,22,15,1,#N/A,12,Erakond Eesti 200
922,Monika Siruli,22,11,0,#N/A,12,Erakond Eesti 200
117,Arvet Lindström,21,9,0,#N/A,2,Eesti Vabaerakond
616,Reet Poom,21,16,0,#N/A,2,Elurikkuse Erakond
142,Siiri Käpa,21,9,0,#N/A,4,Eesti Vabaerakond
166,Rein Kotšin,21,6,0,#N/A,6,Eesti Vabaerakond
183,Ain Auksimäe,21,8,0,#N/A,8,Eesti Vabaerakond
439,Arvo Kuiv,21,5,0,#N/A,9,Erakond Eestimaa Rohelised
216,Kristi Varul,21,10,0,#N/A,11,Eesti Vabaerakond
823,Ülle Kask,20,7,2,#N/A,2,Erakond Eesti 200
386,Anne Artus,20,10,0,#N/A,3,Erakond Eestimaa Rohelised
396,Pavel Krõlatov,20,5,0,#N/A,4,Erakond Eestimaa Rohelised
185,Olev Rahnu,20,2,0,#N/A,8,Eesti Vabaerakond
430,Arvi Tapver,20,11,0,#N/A,8,Erakond Eestimaa Rohelised
452,Jaan Olari,20,13,0,#N/A,10,Erakond Eestimaa Rohelised
111,Tõnu Teeveer,19,9,0,#N/A,1,Eesti Vabaerakond
637,Enri Pahapill,19,12,0,#N/A,5,Elurikkuse Erakond
213,Tõnis Lukats,19,4,0,#N/A,11,Eesti Vabaerakond
214,Urmet Külaots,19,5,0,#N/A,11,Eesti Vabaerakond
459,Arvi Matvei,19,10,0,#N/A,11,Erakond Eestimaa Rohelised
223,Ülle Orav,19,7,2,#N/A,12,Eesti Vabaerakond
468,Margit Adorf,19,12,0,#N/A,12,Erakond Eestimaa Rohelised
109,Marike Laht,18,10,0,#N/A,1,Eesti Vabaerakond
146,Kaie Herkel,18,2,0,#N/A,4,Eesti Vabaerakond
632,Riho Kirmjõe,18,10,0,#N/A,4,Elurikkuse Erakond
193,Tiit Urva,18,5,0,#N/A,9,Eesti Vabaerakond
203,Herle Gerassimova,18,4,1,#N/A,10,Eesti Vabaerakond
660,Alexander Linnamäe,18,12,0,#N/A,11,Elurikkuse Erakond
220,Fredy Vabrit,18,9,0,#N/A,12,Eesti Vabaerakond
371,Allan Talu,17,8,0,#N/A,2,Erakond Eestimaa Rohelised
134,Kaja Vajak,17,8,0,#N/A,3,Eesti Vabaerakond
882,Tiia Piirimees,17,4,0,#N/A,8,Erakond Eesti 200
194,Tauno Kure,17,6,0,#N/A,9,Eesti Vabaerakond
133,Margus Raha,16,11,0,#N/A,3,Eesti Vabaerakond
156,Mikko Nõukas,16,9,0,#N/A,5,Eesti Vabaerakond
435,Erko Elmik,16,6,0,#N/A,8,Erakond Eestimaa Rohelised
465,Eve Roots,16,7,0,#N/A,11,Erakond Eestimaa Rohelised
105,Jaanus Ojangu,15,10,0,#N/A,1,Eesti Vabaerakond
125,Harly Kirspuu,15,10,0,#N/A,2,Eesti Vabaerakond
820,Piret Kürbis,15,5,0,#N/A,2,Erakond Eesti 200
394,Gert Häusler,15,6,0,#N/A,4,Erakond Eestimaa Rohelised
627,Kalle Virkus,15,6,0,#N/A,4,Elurikkuse Erakond
847,Toomas Tepomes,15,13,0,#N/A,4,Erakond Eesti 200
168,Ave Pütsepp,15,6,0,#N/A,6,Eesti Vabaerakond
182,Jürmo Sillaste,15,7,0,#N/A,8,Eesti Vabaerakond
604,Kertu Namsing,14,7,1,#N/A,1,Elurikkuse Erakond
126,Mati Roosnurm,14,7,0,#N/A,2,Eesti Vabaerakond
366,Ulvi Koop,14,6,1,#N/A,2,Erakond Eestimaa Rohelised
375,Maksim Eriksson,14,4,0,#N/A,2,Erakond Eestimaa Rohelised
383,Andrei Kiisler,14,11,0,#N/A,3,Erakond Eestimaa Rohelised
145,Eldar Toonverk,14,6,0,#N/A,4,Eesti Vabaerakond
152,Peeter Lukas,14,0,0,#N/A,4,Eesti Vabaerakond
418,Veera Kostina,14,2,0,#N/A,6,Erakond Eestimaa Rohelised
444,Taavo Savik,14,7,0,#N/A,9,Erakond Eestimaa Rohelised
215,Mihkel Mällo,14,2,0,#N/A,11,Eesti Vabaerakond
225,Rein Prins,14,7,0,#N/A,12,Eesti Vabaerakond
127,Mart Mutso,13,4,0,#N/A,2,Eesti Vabaerakond
369,Ülle Ringmäe,13,3,0,#N/A,2,Erakond Eestimaa Rohelised
613,Jüri Kõuk Roost,13,8,0,#N/A,2,Elurikkuse Erakond
141,Suido Saarmets,13,7,0,#N/A,4,Eesti Vabaerakond
397,Christina Rannit,13,10,0,#N/A,4,Erakond Eestimaa Rohelised
403,Aul Pedajas,13,6,0,#N/A,4,Erakond Eestimaa Rohelised
1053,Diana Koor,13,2,0,#N/A,5,Eestimaa Ühendatud Vasakpartei
643,Jüri-Illimar Reinberg-Šestakov,13,7,0,#N/A,6,Elurikkuse Erakond
425,Anette-Marlen Ott,13,8,1,#N/A,7,Erakond Eestimaa Rohelised
426,Darja Vorontsova,13,4,0,#N/A,7,Erakond Eestimaa Rohelised
434,Tiina Rammul,13,4,0,#N/A,8,Erakond Eestimaa Rohelised
1056,Diana Nõmberg-Klaus,13,6,1,#N/A,8,Eestimaa Ühendatud Vasakpartei
449,Elmer Joandi,13,5,0,#N/A,10,Erakond Eestimaa Rohelised
462,Harri Tilk,13,5,0,#N/A,11,Erakond Eestimaa Rohelised
472,Sven Arulaid,13,5,1,#N/A,12,Erakond Eestimaa Rohelised
110,Sander Klausen,12,6,0,#N/A,1,Eesti Vabaerakond
115,Eve Viidalepp,12,5,1,#N/A,2,Eesti Vabaerakond
118,Eve Osa,12,6,0,#N/A,2,Eesti Vabaerakond
612,Jaanus-Juhan Illend,12,9,0,#N/A,2,Elurikkuse Erakond
153,Dein-Tom Tõnsing,12,7,0,#N/A,4,Eesti Vabaerakond
629,Madis Iganõmm,12,9,0,#N/A,4,Elurikkuse Erakond
162,Janek Ostra,12,9,0,#N/A,5,Eesti Vabaerakond
165,Koit Kuusk,12,4,0,#N/A,6,Eesti Vabaerakond
1054,Andrei Anissimov,12,5,0,#N/A,6,Eestimaa Ühendatud Vasakpartei
184,Heiki Rips,12,6,0,#N/A,8,Eesti Vabaerakond
463,Moonika Malmre,12,7,0,#N/A,11,Erakond Eestimaa Rohelised
664,Rein Einasto,12,4,0,#N/A,11,Elurikkuse Erakond
921,Jevgeni Gorlevski,12,4,0,#N/A,12,Erakond Eesti 200
358,Martti Preem,11,5,0,#N/A,1,Erakond Eestimaa Rohelised
136,Anne Hansberg,11,7,1,#N/A,3,Eesti Vabaerakond
148,Riina Kurg,11,0,0,#N/A,4,Eesti Vabaerakond
976,Erki Tammleht,11,4,0,#N/A,4,Eesti Keskerakond
178,Inna Rose,11,6,0,#N/A,7,Eesti Vabaerakond
645,Ago Samoson,11,10,0,#N/A,7,Elurikkuse Erakond
433,Eveli Permanson,11,8,0,#N/A,8,Erakond Eestimaa Rohelised
633,Urmas Eelmäe,10,2,0,#N/A,4,Elurikkuse Erakond
158,Olev Vaher,10,2,0,#N/A,5,Eesti Vabaerakond
187,Margus Sardis,10,5,0,#N/A,8,Eesti Vabaerakond
107,Jaanus Paasoja,9,4,0,#N/A,1,Eesti Vabaerakond
119,Andres Lints,9,5,0,#N/A,2,Eesti Vabaerakond
161,Janus Tuur,9,4,0,#N/A,5,Eesti Vabaerakond
422,Roman Mutonen,9,3,0,#N/A,7,Erakond Eestimaa Rohelised
461,Margarita Randviir,9,7,0,#N/A,11,Erakond Eestimaa Rohelised
222,Dandy Rosenberg,9,6,0,#N/A,12,Eesti Vabaerakond
135,Tõnu Aru,8,1,0,#N/A,3,Eesti Vabaerakond
398,Erko Soopalu,8,4,1,#N/A,4,Erakond Eestimaa Rohelised
167,Marje Salve,8,5,0,#N/A,6,Eesti Vabaerakond
175,Deniss Tištšenko,8,2,0,#N/A,7,Eesti Vabaerakond
120,Ave Lossmann,7,4,0,#N/A,2,Eesti Vabaerakond
123,Iivi Zajedova,7,2,0,#N/A,2,Eesti Vabaerakond
137,Viktoria Lukats,7,4,0,#N/A,3,Eesti Vabaerakond
402,Kalle Olumets,7,3,0,#N/A,4,Erakond Eestimaa Rohelised
524,Mark Tenin,7,4,0,#N/A,4,Sotsiaaldemokraatlik Erakond
424,Aleksei Nehoroškin,7,2,0,#N/A,7,Erakond Eestimaa Rohelised
124,Aldo Vaino,6,4,0,#N/A,2,Eesti Vabaerakond
151,Aare Pernik,6,2,0,#N/A,4,Eesti Vabaerakond
177,Lidia Rettijeva,6,1,0,#N/A,7,Eesti Vabaerakond
875,Viktor Golubjatnikov,6,2,0,#N/A,7,Erakond Eesti 200
186,Hanno Kirschfeldt,6,3,0,#N/A,8,Eesti Vabaerakond
205,Heino Ritsman,6,4,0,#N/A,10,Eesti Vabaerakond
466,Meidi Tiimus,6,2,0,#N/A,11,Erakond Eestimaa Rohelised
108,Peeter Liinsoo,5,3,0,#N/A,1,Eesti Vabaerakond
169,Veana Heinmets,5,2,0,#N/A,6,Eesti Vabaerakond
174,Mulje Kullerkup,5,2,0,#N/A,7,Eesti Vabaerakond
427,Leonid Mironov,5,1,0,#N/A,7,Erakond Eestimaa Rohelised
464,Piret Käige,5,1,0,#N/A,11,Erakond Eestimaa Rohelised
423,Eleonora Loginova,4,2,1,#N/A,7,Erakond Eestimaa Rohelised
436,Jüri-Joonas Kerem,4,3,0,#N/A,8,Erakond Eestimaa Rohelised
672,Teho Paulus,4,2,0,#N/A,12,Elurikkuse Erakond
176,Asko Sirp,3,1,0,#N/A,7,Eesti Vabaerakond
224,Jürgen Post,3,0,1,#N/A,12,Eesti Vabaerakond
122,Alar Tinnus,2,0,0,#N/A,2,Eesti Vabaerakond
173,Ando Kuura,1,0,0,#N/A,7,Eesti Vabaerakond
